row;code;l1;l2;name;profile_id;profile_name;match_status;confidence;required;required_any;optional;camera_control;observation_window_minutes;gesn_tables;source_refs;rule_id;reason;note
4;10;Подготовка территории;;Подготовка территории;site_setup;Обустройство строительной площадки;matched;high;;;грузовик, кран-манипулятор, автокран, экскаватор, погрузчик;no;30;;fsnb2022, tsn_moscow;exact:подготовка территории;точное название укрупнённого этапа;"Техника появляется эпизодически; отсутствие не является отклонением."
5;10.1;Подготовка территории;Отселение домов в пятне застройки;Отселение домов в пятне застройки;no_camera_equipment;Работа без контролируемой тяжёлой техники;matched;high;;;;no;30;;fsnb2022;title:no-camera;этап не даёт устойчивого сигнала тяжёлой техники по внешней камере;Отделка, внутренние сети, IT, закупка и ручные операции не дают надёжного сигнала по внешней камере.
6;10.2;Подготовка территории;Вынос инженерных систем из пятна застройки (ЦТП/ТП/сети);Вынос инженерных систем из пятна застройки (ЦТП/ТП/сети);network_trench;Наружные сети и траншейные работы;matched;high;экскаватор;;самосвал, погрузчик, грузовик, автокран, кран-манипулятор;yes;30;"ГЭСН 01; 22; 23; 24; 33; 34";fsnb2022, tsn_moscow;network-explicit;наружная сеть/траншея;"Контроль применяется к наружной трассе/траншее; внутренние сети вынесены в отдельный профиль."
7;;Подготовка территории;Вынос инженерных систем из пятна застройки (ЦТП/ТП/сети);Вынос сетей: теплосеть (ЦТП);network_trench;Наружные сети и траншейные работы;matched;high;экскаватор;;самосвал, погрузчик, грузовик, автокран, кран-манипулятор;yes;30;"ГЭСН 01; 22; 23; 24; 33; 34";fsnb2022, tsn_moscow;network-explicit;наружная сеть/траншея;"Контроль применяется к наружной трассе/траншее; внутренние сети вынесены в отдельный профиль."
8;;Подготовка территории;Вынос инженерных систем из пятна застройки (ЦТП/ТП/сети);Вынос сетей: теплосеть (сети);network_trench;Наружные сети и траншейные работы;matched;high;экскаватор;;самосвал, погрузчик, грузовик, автокран, кран-манипулятор;yes;30;"ГЭСН 01; 22; 23; 24; 33; 34";fsnb2022, tsn_moscow;network-explicit;наружная сеть/траншея;"Контроль применяется к наружной трассе/траншее; внутренние сети вынесены в отдельный профиль."
9;;Подготовка территории;Вынос инженерных систем из пятна застройки (ЦТП/ТП/сети);Вынос сетей: теплосеть;network_trench;Наружные сети и траншейные работы;matched;high;экскаватор;;самосвал, погрузчик, грузовик, автокран, кран-манипулятор;yes;30;"ГЭСН 01; 22; 23; 24; 33; 34";fsnb2022, tsn_moscow;network-explicit;наружная сеть/траншея;"Контроль применяется к наружной трассе/траншее; внутренние сети вынесены в отдельный профиль."
10;;Подготовка территории;Вынос инженерных систем из пятна застройки (ЦТП/ТП/сети);Вынос сетей: водоснабжение;network_trench;Наружные сети и траншейные работы;matched;high;экскаватор;;самосвал, погрузчик, грузовик, автокран, кран-манипулятор;yes;30;"ГЭСН 01; 22; 23; 24; 33; 34";fsnb2022, tsn_moscow;network-explicit;наружная сеть/траншея;"Контроль применяется к наружной трассе/траншее; внутренние сети вынесены в отдельный профиль."
11;;Подготовка территории;Вынос инженерных систем из пятна застройки (ЦТП/ТП/сети);Вынос сетей: Х/Б канализация;network_trench;Наружные сети и траншейные работы;matched;high;экскаватор;;самосвал, погрузчик, грузовик, автокран, кран-манипулятор;yes;30;"ГЭСН 01; 22; 23; 24; 33; 34";fsnb2022, tsn_moscow;network-explicit;наружная сеть/траншея;"Контроль применяется к наружной трассе/траншее; внутренние сети вынесены в отдельный профиль."
12;;Подготовка территории;Вынос инженерных систем из пятна застройки (ЦТП/ТП/сети);Вынос сетей: ливневая канализация;network_trench;Наружные сети и траншейные работы;matched;high;экскаватор;;самосвал, погрузчик, грузовик, автокран, кран-манипулятор;yes;30;"ГЭСН 01; 22; 23; 24; 33; 34";fsnb2022, tsn_moscow;network-explicit;наружная сеть/траншея;"Контроль применяется к наружной трассе/траншее; внутренние сети вынесены в отдельный профиль."
13;;Подготовка территории;Вынос инженерных систем из пятна застройки (ЦТП/ТП/сети);Вынос сетей: газоснабжение;network_trench;Наружные сети и траншейные работы;matched;high;экскаватор;;самосвал, погрузчик, грузовик, автокран, кран-манипулятор;yes;30;"ГЭСН 01; 22; 23; 24; 33; 34";fsnb2022, tsn_moscow;network-explicit;наружная сеть/траншея;"Контроль применяется к наружной трассе/траншее; внутренние сети вынесены в отдельный профиль."
14;;Подготовка территории;Вынос инженерных систем из пятна застройки (ЦТП/ТП/сети);Вынос сетей: электроснабжение (ТП);network_trench;Наружные сети и траншейные работы;matched;high;экскаватор;;самосвал, погрузчик, грузовик, автокран, кран-манипулятор;yes;30;"ГЭСН 01; 22; 23; 24; 33; 34";fsnb2022, tsn_moscow;network-explicit;наружная сеть/траншея;"Контроль применяется к наружной трассе/траншее; внутренние сети вынесены в отдельный профиль."
15;;Подготовка территории;Вынос инженерных систем из пятна застройки (ЦТП/ТП/сети);Вынос сетей: электроснабжение (сети);network_trench;Наружные сети и траншейные работы;matched;high;экскаватор;;самосвал, погрузчик, грузовик, автокран, кран-манипулятор;yes;30;"ГЭСН 01; 22; 23; 24; 33; 34";fsnb2022, tsn_moscow;network-explicit;наружная сеть/траншея;"Контроль применяется к наружной трассе/траншее; внутренние сети вынесены в отдельный профиль."
16;;Подготовка территории;Вынос инженерных систем из пятна застройки (ЦТП/ТП/сети);Вынос сетей: электроснабжение;network_trench;Наружные сети и траншейные работы;matched;high;экскаватор;;самосвал, погрузчик, грузовик, автокран, кран-манипулятор;yes;30;"ГЭСН 01; 22; 23; 24; 33; 34";fsnb2022, tsn_moscow;network-explicit;наружная сеть/траншея;"Контроль применяется к наружной трассе/траншее; внутренние сети вынесены в отдельный профиль."
17;;Подготовка территории;Вынос инженерных систем из пятна застройки (ЦТП/ТП/сети);Вынос сетей: сети связи (КП МПТЦ);network_trench;Наружные сети и траншейные работы;matched;high;экскаватор;;самосвал, погрузчик, грузовик, автокран, кран-манипулятор;yes;30;"ГЭСН 01; 22; 23; 24; 33; 34";fsnb2022, tsn_moscow;network-explicit;наружная сеть/траншея;"Контроль применяется к наружной трассе/траншее; внутренние сети вынесены в отдельный профиль."
18;;Подготовка территории;Вынос инженерных систем из пятна застройки (ЦТП/ТП/сети);Вынос сетей: сети связи;network_trench;Наружные сети и траншейные работы;matched;high;экскаватор;;самосвал, погрузчик, грузовик, автокран, кран-манипулятор;yes;30;"ГЭСН 01; 22; 23; 24; 33; 34";fsnb2022, tsn_moscow;network-explicit;наружная сеть/траншея;"Контроль применяется к наружной трассе/траншее; внутренние сети вынесены в отдельный профиль."
19;10.3;Подготовка территории;Снос домов в пятне застройки;Снос домов в пятне застройки;demolition;Снос и механизированный демонтаж;matched;high;;экскаватор ИЛИ бульдозер ИЛИ погрузчик;самосвал, грузовик, автокран;yes;30;"ГЭСН 46; ГЭСНр 53";fsnb2022, tsn_moscow;demolition;механизированный демонтаж;"Нужна хотя бы одна ведущая демонтажная машина; вывоз может происходить не непрерывно."
20;10.4;Подготовка территории;Снос нежилых объектов в пятне застройки;Снос нежилых объектов в пятне застройки;demolition;Снос и механизированный демонтаж;matched;high;;экскаватор ИЛИ бульдозер ИЛИ погрузчик;самосвал, грузовик, автокран;yes;30;"ГЭСН 46; ГЭСНр 53";fsnb2022, tsn_moscow;demolition;механизированный демонтаж;"Нужна хотя бы одна ведущая демонтажная машина; вывоз может происходить не непрерывно."
21;10.5;Подготовка территории;Вырубка зеленых насаждений;Вырубка зеленых насаждений;landscaping;Озеленение и благоустройство;matched;medium;;;грузовик, самосвал, экскаватор, погрузчик, бульдозер, каток;no;30;ГЭСН 47;fsnb2022, tsn_moscow;landscaping;озеленение;Состав машин зависит от размера посадочного материала и технологии.
22;10.6;Подготовка территории;Пересадка зеленых насождений;Пересадка зеленых насождений;landscaping;Озеленение и благоустройство;matched;medium;;;грузовик, самосвал, экскаватор, погрузчик, бульдозер, каток;no;30;ГЭСН 47;fsnb2022, tsn_moscow;landscaping;озеленение;Состав машин зависит от размера посадочного материала и технологии.
23;10.7;Подготовка территории;Проверка посадки здания;Проверка посадки здания;no_camera_equipment;Работа без контролируемой тяжёлой техники;matched;high;;;;no;30;;fsnb2022;title:no-camera;этап не даёт устойчивого сигнала тяжёлой техники по внешней камере;Отделка, внутренние сети, IT, закупка и ручные операции не дают надёжного сигнала по внешней камере.
24;10.8;Подготовка территории;Демонтаж ж/б перекрытий;Демонтаж ж/б перекрытий;demolition;Снос и механизированный демонтаж;matched;high;;экскаватор ИЛИ бульдозер ИЛИ погрузчик;самосвал, грузовик, автокран;yes;30;"ГЭСН 46; ГЭСНр 53";fsnb2022, tsn_moscow;demolition;механизированный демонтаж;"Нужна хотя бы одна ведущая демонтажная машина; вывоз может происходить не непрерывно."
25;10.9;Подготовка территории;Погрузка строительного мусора;Погрузка строительного мусора;debris_loading;Погрузка грунта или строительного мусора;matched;high;;погрузчик ИЛИ экскаватор;самосвал, грузовик;yes;30;"ГЭСН 01; ГЭСНр 61";fsnb2022;debris-loading;явная погрузочная операция;Погрузчик добавлен как отдельный визуальный класс по ресурсным таблицам ГЭСН.
26;10.10;Подготовка территории;Устройство геодезических знаков;Устройство геодезических знаков;no_camera_equipment;Работа без контролируемой тяжёлой техники;matched;high;;;;no;30;;fsnb2022;title:no-camera;этап не даёт устойчивого сигнала тяжёлой техники по внешней камере;Отделка, внутренние сети, IT, закупка и ручные операции не дают надёжного сигнала по внешней камере.
27;10.11;Подготовка территории;Обустройство строительной площадки;Обустройство строительной площадки;site_setup;Обустройство строительной площадки;matched;medium;;;грузовик, кран-манипулятор, автокран, экскаватор, погрузчик;no;30;;fsnb2022, tsn_moscow;site-setup;обустройство стройплощадки;"Техника появляется эпизодически; отсутствие не является отклонением."
28;10.11.1;Подготовка территории;Обустройство строительной площадки;Устройство ограждения строительной площадки;site_setup;Обустройство строительной площадки;matched;medium;;;грузовик, кран-манипулятор, автокран, экскаватор, погрузчик;no;30;;fsnb2022, tsn_moscow;site-setup;обустройство стройплощадки;"Техника появляется эпизодически; отсутствие не является отклонением."
29;10.11.2;Подготовка территории;Обустройство строительной площадки;Устройство временных инженерных сетей;site_setup;Обустройство строительной площадки;matched;high;;;грузовик, кран-манипулятор, автокран, экскаватор, погрузчик;no;30;;fsnb2022, tsn_moscow;exact:устройство временных инженерных сетей;точное название укрупнённого этапа;"Техника появляется эпизодически; отсутствие не является отклонением."
30;10.11.3;Подготовка территории;Обустройство строительной площадки;Устройство временных внутриплощадочных и подъездных дорог;site_setup;Обустройство строительной площадки;matched;medium;;;грузовик, кран-манипулятор, автокран, экскаватор, погрузчик;no;30;;fsnb2022, tsn_moscow;site-setup;обустройство стройплощадки;"Техника появляется эпизодически; отсутствие не является отклонением."
31;10.11.4;Подготовка территории;Обустройство строительной площадки;Возведение хозяйственно-бытового городка;site_setup;Обустройство строительной площадки;matched;medium;;;грузовик, кран-манипулятор, автокран, экскаватор, погрузчик;no;30;;fsnb2022, tsn_moscow;site-setup;обустройство стройплощадки;"Техника появляется эпизодически; отсутствие не является отклонением."
32;10.12;Подготовка территории;Организация движения согласно ПОДД на период строительства;Организация движения согласно ПОДД на период строительства;no_camera_equipment;Работа без контролируемой тяжёлой техники;matched;high;;;;no;30;;fsnb2022;title:no-camera;этап не даёт устойчивого сигнала тяжёлой техники по внешней камере;Отделка, внутренние сети, IT, закупка и ручные операции не дают надёжного сигнала по внешней камере.
33;10.13;Подготовка территории;Оснащение стройплощадки оборудованием по 299-ПП;Оснащение стройплощадки оборудованием по 299-ПП;site_setup;Обустройство строительной площадки;matched;high;;;грузовик, кран-манипулятор, автокран, экскаватор, погрузчик;no;30;;fsnb2022, tsn_moscow;exact:оснащение стройплощадки оборудованием по 299-пп;точное название укрупнённого этапа;"Техника появляется эпизодически; отсутствие не является отклонением."
34;10.13.1;Подготовка территории;Оснащение стройплощадки оборудованием по 299-ПП;Видеокамеры для обзора территории стройплощадки (тип 1);no_camera_equipment;Работа без контролируемой тяжёлой техники;matched;high;;;;no;30;;fsnb2022;title:no-camera;этап не даёт устойчивого сигнала тяжёлой техники по внешней камере;Отделка, внутренние сети, IT, закупка и ручные операции не дают надёжного сигнала по внешней камере.
35;10.13.2;Подготовка территории;Оснащение стройплощадки оборудованием по 299-ПП;Видеокамеры для установки на КПП в зоне входа/выхода на стройплощадку (тип 2);no_camera_equipment;Работа без контролируемой тяжёлой техники;matched;high;;;;no;30;;fsnb2022;title:no-camera;этап не даёт устойчивого сигнала тяжёлой техники по внешней камере;Отделка, внутренние сети, IT, закупка и ручные операции не дают надёжного сигнала по внешней камере.
36;10.13.3;Подготовка территории;Оснащение стройплощадки оборудованием по 299-ПП;Видеокамеры для обзора зоны въезда/выезда на стройплощадку с распознаванием гос. номера ТС (тип 3);no_camera_equipment;Работа без контролируемой тяжёлой техники;matched;high;;;;no;30;;fsnb2022;title:no-camera;этап не даёт устойчивого сигнала тяжёлой техники по внешней камере;Отделка, внутренние сети, IT, закупка и ручные операции не дают надёжного сигнала по внешней камере.
37;10.13.4;Подготовка территории;Оснащение стройплощадки оборудованием по 299-ПП;Установка датчиков шума (тип 4) (при необходимости);no_camera_equipment;Работа без контролируемой тяжёлой техники;matched;high;;;;no;30;;fsnb2022;title:no-camera;этап не даёт устойчивого сигнала тяжёлой техники по внешней камере;Отделка, внутренние сети, IT, закупка и ручные операции не дают надёжного сигнала по внешней камере.
38;10.14;Подготовка территории;Оснащение стройплощадки системой СКУД с Face ID;Оснащение стройплощадки системой СКУД с Face ID;no_camera_equipment;Работа без контролируемой тяжёлой техники;matched;high;;;;no;30;;fsnb2022;title:no-camera;этап не даёт устойчивого сигнала тяжёлой техники по внешней камере;Отделка, внутренние сети, IT, закупка и ручные операции не дают надёжного сигнала по внешней камере.
39;10.14.1;Подготовка территории;Оснащение стройплощадки системой СКУД с Face ID;Закупка оборудования;no_camera_equipment;Работа без контролируемой тяжёлой техники;matched;high;;;;no;30;;fsnb2022;title:no-camera;этап не даёт устойчивого сигнала тяжёлой техники по внешней камере;Отделка, внутренние сети, IT, закупка и ручные операции не дают надёжного сигнала по внешней камере.
40;10.14.2;Подготовка территории;Оснащение стройплощадки системой СКУД с Face ID;Установка оборудования СКУД с FaceID;no_camera_equipment;Работа без контролируемой тяжёлой техники;matched;high;;;;no;30;;fsnb2022;title:no-camera;этап не даёт устойчивого сигнала тяжёлой техники по внешней камере;Отделка, внутренние сети, IT, закупка и ручные операции не дают надёжного сигнала по внешней камере.
41;10.14.3;Подготовка территории;Оснащение стройплощадки системой СКУД с Face ID;Интеграция с ЕЦХД;no_camera_equipment;Работа без контролируемой тяжёлой техники;matched;high;;;;no;30;;fsnb2022;title:no-camera;этап не даёт устойчивого сигнала тяжёлой техники по внешней камере;Отделка, внутренние сети, IT, закупка и ручные операции не дают надёжного сигнала по внешней камере.
42;10.14.4;Подготовка территории;Оснащение стройплощадки системой СКУД с Face ID;Проведение работ по интеграционному тестированию;no_camera_equipment;Работа без контролируемой тяжёлой техники;matched;high;;;;no;30;;fsnb2022;title:no-camera;этап не даёт устойчивого сигнала тяжёлой техники по внешней камере;Отделка, внутренние сети, IT, закупка и ручные операции не дают надёжного сигнала по внешней камере.
43;12;Выполнение строительно-монтажных работ;;Выполнение строительно-монтажных работ;mixed_construction;Укрупнённый заголовок СМР;matched;high;;;самосвал, экскаватор, каток, кран-манипулятор, бетоносмеситель, бульдозер, грузовик, автокран, башенный кран, буровая, бетононасос, погрузчик, автогрейдер, асфальтоукладчик;no;30;;fsnb2022;exact:выполнение строительно-монтажных работ;точное название укрупнённого этапа;Корневой заголовок не используется для проверки отсутствия техники.
44;12.1;Выполнение строительно-монтажных работ;Сборка и подготовка устройства ТПМК;Сборка и подготовка устройства ТПМК;tunnel;Тоннельные работы / ТПМК;matched;high;;;автокран, башенный кран, экскаватор, самосвал, грузовик, бетононасос;no;30;ГЭСН 29;fsnb2022, tsn_moscow;tunnel;тоннельная технология;"ТПМК отсутствует в перечне визуальных классов; контроль ведётся только по вспомогательной технике."
45;12.2;Выполнение строительно-монтажных работ;Проходка тоннелей с монтажем ж/б обделки;Проходка тоннелей с монтажем ж/б обделки;tunnel;Тоннельные работы / ТПМК;matched;high;;;автокран, башенный кран, экскаватор, самосвал, грузовик, бетононасос;no;30;ГЭСН 29;fsnb2022, tsn_moscow;tunnel;тоннельная технология;"ТПМК отсутствует в перечне визуальных классов; контроль ведётся только по вспомогательной технике."
46;12.3;Выполнение строительно-монтажных работ;Устройство подземной части;Устройство подземной части;mixed_underground;Укрупнённая подземная фаза;matched;high;;;экскаватор, самосвал, буровая, автокран, башенный кран, бетоносмеситель, бетононасос, бульдозер, погрузчик, грузовик;no;30;;fsnb2022;exact:устройство подземной части;точное название укрупнённого этапа;"Заголовок объединяет разные технологии; обязательный комплект назначается дочерним строкам."
47;12.3.1;Выполнение строительно-монтажных работ;Устройство подземной части;Устройство котлована;earth_excavation;Разработка грунта и котлован;matched;high;экскаватор;самосвал ИЛИ погрузчик;бульдозер, автогрейдер, грузовик;yes;30;ГЭСН 01-01-011 и подраздел 1.2;fsnb2022, tsn_moscow;excavation;разработка грунта/котлован;"Экскаватор разрабатывает грунт; самосвал либо погрузчик обеспечивает поток грунта/вывоз."
48;12.3.2;Выполнение строительно-монтажных работ;Устройство подземной части;Устройство свай;piles_generic;Свайные работы без указания технологии;matched;high;;буровая ИЛИ автокран;экскаватор, бетоносмеситель, бетононасос, грузовик;yes;60;ГЭСН 05;fsnb2022, tsn_moscow;piles-generic;свайные и ограждающие работы без точного способа;"Название не различает буронабивные и погружаемые сваи; используется альтернативная группа."
49;12.3.3;Выполнение строительно-монтажных работ;Устройство подземной части;Устройство основания;road_base;Дорожное основание и подготовительные слои;matched;high;;каток ИЛИ автогрейдер ИЛИ бульдозер;самосвал, погрузчик, экскаватор, грузовик, автокран;yes;30;"ГЭСН 27-03-002; 27-03-003";gesn27, fsnb2022, tsn_moscow;exact:устройство основания;точное название укрупнённого этапа;Автогрейдер добавлен как отдельный класс для планировки дорожных оснований.
50;12.3.4;Выполнение строительно-монтажных работ;Устройство подземной части;Устройство фундамента;concrete;Монолитные бетонные и железобетонные работы;matched;high;;бетононасос ИЛИ бетоносмеситель ИЛИ башенный кран ИЛИ автокран;грузовик;yes;60;"ГЭСН 06-01-003; 06-22-004";gesn06, fsnb2022, tsn_moscow;concrete;бетонные/железобетонные конструкции;"Подача смеси выполняется насосом или краном; автобетоносмеситель учитывается как наблюдаемая доставка."
51;;Выполнение строительно-монтажных работ;Устройство подземной части;Устройство свайного фундамента (при необходимости);piles_generic;Свайные работы без указания технологии;matched;high;;буровая ИЛИ автокран;экскаватор, бетоносмеситель, бетононасос, грузовик;yes;60;ГЭСН 05;fsnb2022, tsn_moscow;piles-generic;свайные и ограждающие работы без точного способа;"Название не различает буронабивные и погружаемые сваи; используется альтернативная группа."
52;;Выполнение строительно-монтажных работ;Устройство подземной части;Устройство песчаной подготовки;road_base;Дорожное основание и подготовительные слои;matched;high;;каток ИЛИ автогрейдер ИЛИ бульдозер;самосвал, погрузчик, экскаватор, грузовик, автокран;yes;30;"ГЭСН 27-03-002; 27-03-003";gesn27, fsnb2022, tsn_moscow;road-base;основание дорожной одежды;Автогрейдер добавлен как отдельный класс для планировки дорожных оснований.
53;;Выполнение строительно-монтажных работ;Устройство подземной части;Устройство щебеночного основания;road_base;Дорожное основание и подготовительные слои;matched;high;;каток ИЛИ автогрейдер ИЛИ бульдозер;самосвал, погрузчик, экскаватор, грузовик, автокран;yes;30;"ГЭСН 27-03-002; 27-03-003";gesn27, fsnb2022, tsn_moscow;road-base;основание дорожной одежды;Автогрейдер добавлен как отдельный класс для планировки дорожных оснований.
54;;Выполнение строительно-монтажных работ;Устройство подземной части;Устройство бетонной подготовки;concrete;Монолитные бетонные и железобетонные работы;matched;high;;бетононасос ИЛИ бетоносмеситель ИЛИ башенный кран ИЛИ автокран;грузовик;yes;60;"ГЭСН 06-01-003; 06-22-004";gesn06, fsnb2022, tsn_moscow;concrete;бетонные/железобетонные конструкции;"Подача смеси выполняется насосом или краном; автобетоносмеситель учитывается как наблюдаемая доставка."
55;;Выполнение строительно-монтажных работ;Устройство подземной части;Устройство монолитных ж/б плит перекрытия/покрытия;concrete;Монолитные бетонные и железобетонные работы;matched;high;;бетононасос ИЛИ бетоносмеситель ИЛИ башенный кран ИЛИ автокран;грузовик;yes;60;"ГЭСН 06-01-003; 06-22-004";gesn06, fsnb2022, tsn_moscow;concrete;бетонные/железобетонные конструкции;"Подача смеси выполняется насосом или краном; автобетоносмеситель учитывается как наблюдаемая доставка."
56;;Выполнение строительно-монтажных работ;Устройство подземной части;Устройство фундаментной плиты;concrete;Монолитные бетонные и железобетонные работы;matched;high;;бетононасос ИЛИ бетоносмеситель ИЛИ башенный кран ИЛИ автокран;грузовик;yes;60;"ГЭСН 06-01-003; 06-22-004";gesn06, fsnb2022, tsn_moscow;concrete;бетонные/железобетонные конструкции;"Подача смеси выполняется насосом или краном; автобетоносмеситель учитывается как наблюдаемая доставка."
57;;Выполнение строительно-монтажных работ;Устройство подземной части;Устройство фундамента под башенный кран;concrete;Монолитные бетонные и железобетонные работы;matched;high;;бетононасос ИЛИ бетоносмеситель ИЛИ башенный кран ИЛИ автокран;грузовик;yes;60;"ГЭСН 06-01-003; 06-22-004";gesn06, fsnb2022, tsn_moscow;concrete;бетонные/железобетонные конструкции;"Подача смеси выполняется насосом или краном; автобетоносмеситель учитывается как наблюдаемая доставка."
58;;Выполнение строительно-монтажных работ;Устройство подземной части;Армокаркас;rebar;Армирование и арматурные каркасы;matched;high;;;башенный кран, автокран, кран-манипулятор, грузовик;no;30;ГЭСН 06;gesn06, fsnb2022;rebar;армирование без явного бетонирования;Подъём арматуры эпизодичен, поэтому жёсткий контроль по камере не вводится.
59;12.3.5;Выполнение строительно-монтажных работ;Устройство подземной части;Ограждающие конструкции (СВГ,БСС);piles_generic;Свайные работы без указания технологии;matched;high;;буровая ИЛИ автокран;экскаватор, бетоносмеситель, бетононасос, грузовик;yes;60;ГЭСН 05;fsnb2022, tsn_moscow;piles-generic;свайные и ограждающие работы без точного способа;"Название не различает буронабивные и погружаемые сваи; используется альтернативная группа."
60;;Выполнение строительно-монтажных работ;Устройство подземной части;Устройство скважины интервала (бурение, разработка, погружение каркаса, бетонирование);bored_piles;Буронабивные сваи, скважины и закрепление грунтов;matched;high;буровая;;автокран, башенный кран, экскаватор, бетоносмеситель, бетононасос, грузовик;yes;60;"ГЭСН 05-01-028; 05-01-029";fsnb2022, tsn_moscow;bored-piles;"бурение/закрепление грунтов; также найдены признаки: concrete";Буровая установка — ведущая и визуально различимая машина.
61;;Выполнение строительно-монтажных работ;Устройство подземной части;Закрепление грунтов;bored_piles;Буронабивные сваи, скважины и закрепление грунтов;matched;high;буровая;;автокран, башенный кран, экскаватор, бетоносмеситель, бетононасос, грузовик;yes;60;"ГЭСН 05-01-028; 05-01-029";fsnb2022, tsn_moscow;bored-piles;бурение/закрепление грунтов;Буровая установка — ведущая и визуально различимая машина.
62;;Выполнение строительно-монтажных работ;Устройство подземной части;Обвязочная балка;piles_generic;Свайные работы без указания технологии;matched;high;;буровая ИЛИ автокран;экскаватор, бетоносмеситель, бетононасос, грузовик;yes;60;ГЭСН 05;fsnb2022, tsn_moscow;piles-generic;свайные и ограждающие работы без точного способа;"Название не различает буронабивные и погружаемые сваи; используется альтернативная группа."
63;12.3.6;Выполнение строительно-монтажных работ;Устройство подземной части;Устройство ограждающих конструкций котлована;earth_excavation;Разработка грунта и котлован;matched;high;экскаватор;самосвал ИЛИ погрузчик;бульдозер, автогрейдер, грузовик;yes;30;ГЭСН 01-01-011 и подраздел 1.2;fsnb2022, tsn_moscow;excavation;разработка грунта/котлован;"Экскаватор разрабатывает грунт; самосвал либо погрузчик обеспечивает поток грунта/вывоз."
64;12.3.7;Выполнение строительно-монтажных работ;Устройство подземной части;Земляные работы;earth_excavation;Разработка грунта и котлован;matched;high;экскаватор;самосвал ИЛИ погрузчик;бульдозер, автогрейдер, грузовик;yes;30;ГЭСН 01-01-011 и подраздел 1.2;fsnb2022, tsn_moscow;excavation;разработка грунта/котлован;"Экскаватор разрабатывает грунт; самосвал либо погрузчик обеспечивает поток грунта/вывоз."
65;;Выполнение строительно-монтажных работ;Устройство подземной части;Разработка грунта;earth_excavation;Разработка грунта и котлован;matched;high;экскаватор;самосвал ИЛИ погрузчик;бульдозер, автогрейдер, грузовик;yes;30;ГЭСН 01-01-011 и подраздел 1.2;fsnb2022, tsn_moscow;excavation;разработка грунта/котлован;"Экскаватор разрабатывает грунт; самосвал либо погрузчик обеспечивает поток грунта/вывоз."
66;;Выполнение строительно-монтажных работ;Устройство подземной части;Обратная засыпка;earth_grading;Планировка, насыпь и обратная засыпка;matched;high;;бульдозер ИЛИ автогрейдер ИЛИ экскаватор;самосвал, погрузчик, каток;yes;30;"ГЭСН 01-01-116; 01-01-117";fsnb2022;earth-grading;планировка или перемещение грунта;Технология допускает разные ведущие планировочные машины.
67;;Выполнение строительно-монтажных работ;Устройство подземной части;Планировка грунта;earth_grading;Планировка, насыпь и обратная засыпка;matched;high;;бульдозер ИЛИ автогрейдер ИЛИ экскаватор;самосвал, погрузчик, каток;yes;30;"ГЭСН 01-01-116; 01-01-117";fsnb2022;earth-grading;планировка или перемещение грунта;Технология допускает разные ведущие планировочные машины.
68;;Выполнение строительно-монтажных работ;Устройство подземной части;Уплотнение грунта;soil_compaction;Уплотнение грунта;matched;high;каток;;бульдозер, автогрейдер, самосвал;yes;30;ГЭСН 01-02-001;fsnb2022;soil-compaction;уплотнение грунта;Каток является ведущей камерно-наблюдаемой машиной для механизированного уплотнения.
69;;Выполнение строительно-монтажных работ;Устройство подземной части;Распорная система;piles_generic;Свайные работы без указания технологии;matched;high;;буровая ИЛИ автокран;экскаватор, бетоносмеситель, бетононасос, грузовик;yes;60;ГЭСН 05;fsnb2022, tsn_moscow;piles-generic;свайные и ограждающие работы без точного способа;"Название не различает буронабивные и погружаемые сваи; используется альтернативная группа."
70;;Выполнение строительно-монтажных работ;Устройство подземной части;Шпунтовое ограждение;piles_generic;Свайные работы без указания технологии;matched;high;;буровая ИЛИ автокран;экскаватор, бетоносмеситель, бетононасос, грузовик;yes;60;ГЭСН 05;fsnb2022, tsn_moscow;piles-generic;свайные и ограждающие работы без точного способа;"Название не различает буронабивные и погружаемые сваи; используется альтернативная группа."
71;;Выполнение строительно-монтажных работ;Устройство подземной части;Устройство шпунтового ограждения котлована, устройство деревянной забирки;earth_excavation;Разработка грунта и котлован;matched;high;экскаватор;самосвал ИЛИ погрузчик;бульдозер, автогрейдер, грузовик;yes;30;ГЭСН 01-01-011 и подраздел 1.2;fsnb2022, tsn_moscow;excavation;"разработка грунта/котлован; также найдены признаки: piles-generic";"Экскаватор разрабатывает грунт; самосвал либо погрузчик обеспечивает поток грунта/вывоз."
72;;Выполнение строительно-монтажных работ;Устройство подземной части;Выемка грунта котлована;earth_excavation;Разработка грунта и котлован;matched;high;экскаватор;самосвал ИЛИ погрузчик;бульдозер, автогрейдер, грузовик;yes;30;ГЭСН 01-01-011 и подраздел 1.2;fsnb2022, tsn_moscow;excavation;разработка грунта/котлован;"Экскаватор разрабатывает грунт; самосвал либо погрузчик обеспечивает поток грунта/вывоз."
73;;Выполнение строительно-монтажных работ;Устройство подземной части;Разработка грунта с креплением котлована;network_trench;Наружные сети и траншейные работы;matched;high;экскаватор;;самосвал, погрузчик, грузовик, автокран, кран-манипулятор;yes;30;"ГЭСН 01; 22; 23; 24; 33; 34";fsnb2022, tsn_moscow;network-explicit;"наружная сеть/траншея; также найдены признаки: excavation";"Контроль применяется к наружной трассе/траншее; внутренние сети вынесены в отдельный профиль."
74;;Выполнение строительно-монтажных работ;Устройство подземной части;Буронабивные сваи;bored_piles;Буронабивные сваи, скважины и закрепление грунтов;matched;high;буровая;;автокран, башенный кран, экскаватор, бетоносмеситель, бетононасос, грузовик;yes;60;"ГЭСН 05-01-028; 05-01-029";fsnb2022, tsn_moscow;bored-piles;"бурение/закрепление грунтов; также найдены признаки: piles-generic";Буровая установка — ведущая и визуально различимая машина.
75;;Выполнение строительно-монтажных работ;Устройство подземной части;Буроинъекционные сваи;bored_piles;Буронабивные сваи, скважины и закрепление грунтов;matched;high;буровая;;автокран, башенный кран, экскаватор, бетоносмеситель, бетононасос, грузовик;yes;60;"ГЭСН 05-01-028; 05-01-029";fsnb2022, tsn_moscow;bored-piles;"бурение/закрепление грунтов; также найдены признаки: piles-generic";Буровая установка — ведущая и визуально различимая машина.
76;;Выполнение строительно-монтажных работ;Устройство подземной части;Песчаное основание;road_base;Дорожное основание и подготовительные слои;matched;high;;каток ИЛИ автогрейдер ИЛИ бульдозер;самосвал, погрузчик, экскаватор, грузовик, автокран;yes;30;"ГЭСН 27-03-002; 27-03-003";gesn27, fsnb2022, tsn_moscow;road-base;основание дорожной одежды;Автогрейдер добавлен как отдельный класс для планировки дорожных оснований.
77;;Выполнение строительно-монтажных работ;Устройство подземной части;Обратная засыпка грунтом;earth_grading;Планировка, насыпь и обратная засыпка;matched;high;;бульдозер ИЛИ автогрейдер ИЛИ экскаватор;самосвал, погрузчик, каток;yes;30;"ГЭСН 01-01-116; 01-01-117";fsnb2022;earth-grading;планировка или перемещение грунта;Технология допускает разные ведущие планировочные машины.
78;;Выполнение строительно-монтажных работ;Устройство подземной части;Обратная засыпка песком;earth_grading;Планировка, насыпь и обратная засыпка;matched;high;;бульдозер ИЛИ автогрейдер ИЛИ экскаватор;самосвал, погрузчик, каток;yes;30;"ГЭСН 01-01-116; 01-01-117";fsnb2022;earth-grading;планировка или перемещение грунта;Технология допускает разные ведущие планировочные машины.
79;12.3.8;Выполнение строительно-монтажных работ;Устройство подземной части;Основание нижнего слоя дорожной одежды (в т.ч. Песчано-подстилающий слой);road_base;Дорожное основание и подготовительные слои;matched;high;;каток ИЛИ автогрейдер ИЛИ бульдозер;самосвал, погрузчик, экскаватор, грузовик, автокран;yes;30;"ГЭСН 27-03-002; 27-03-003";gesn27, fsnb2022, tsn_moscow;road-base;основание дорожной одежды;Автогрейдер добавлен как отдельный класс для планировки дорожных оснований.
80;;Выполнение строительно-монтажных работ;Устройство подземной части;Устройство нижнего слоя основания дорожной одежды;road_base;Дорожное основание и подготовительные слои;matched;high;;каток ИЛИ автогрейдер ИЛИ бульдозер;самосвал, погрузчик, экскаватор, грузовик, автокран;yes;30;"ГЭСН 27-03-002; 27-03-003";gesn27, fsnb2022, tsn_moscow;road-base;основание дорожной одежды;Автогрейдер добавлен как отдельный класс для планировки дорожных оснований.
81;;Выполнение строительно-монтажных работ;Устройство подземной части;Планировка нижнего слоя основания дорожной одежды;road_base;Дорожное основание и подготовительные слои;matched;high;;каток ИЛИ автогрейдер ИЛИ бульдозер;самосвал, погрузчик, экскаватор, грузовик, автокран;yes;30;"ГЭСН 27-03-002; 27-03-003";gesn27, fsnb2022, tsn_moscow;road-base;основание дорожной одежды;Автогрейдер добавлен как отдельный класс для планировки дорожных оснований.
82;;Выполнение строительно-монтажных работ;Устройство подземной части;Уплотнение нижнего слоя основания дорожной одежды;road_base;Дорожное основание и подготовительные слои;matched;high;;каток ИЛИ автогрейдер ИЛИ бульдозер;самосвал, погрузчик, экскаватор, грузовик, автокран;yes;30;"ГЭСН 27-03-002; 27-03-003";gesn27, fsnb2022, tsn_moscow;road-base;основание дорожной одежды;Автогрейдер добавлен как отдельный класс для планировки дорожных оснований.
83;12.3.9;Выполнение строительно-монтажных работ;Устройство подземной части;"Монолитные работы ниже отметки""0""";concrete;Монолитные бетонные и железобетонные работы;matched;high;;бетононасос ИЛИ бетоносмеситель ИЛИ башенный кран ИЛИ автокран;грузовик;yes;60;"ГЭСН 06-01-003; 06-22-004";gesn06, fsnb2022, tsn_moscow;concrete;бетонные/железобетонные конструкции;"Подача смеси выполняется насосом или краном; автобетоносмеситель учитывается как наблюдаемая доставка."
84;;Выполнение строительно-монтажных работ;Устройство подземной части;Устройство стен, колонн и пилонов подземного этажа;concrete;Монолитные бетонные и железобетонные работы;matched;high;;бетононасос ИЛИ бетоносмеситель ИЛИ башенный кран ИЛИ автокран;грузовик;yes;60;"ГЭСН 06-01-003; 06-22-004";gesn06, fsnb2022, tsn_moscow;concrete;бетонные/железобетонные конструкции;"Подача смеси выполняется насосом или краном; автобетоносмеситель учитывается как наблюдаемая доставка."
85;;Выполнение строительно-монтажных работ;Устройство подземной части;Устройство монолитной ж/б фундаментной плиты (плита под здание, плита под башенный кран, фундамент под оборудование), в т.ч. устройство бетонной подготовки;concrete;Монолитные бетонные и железобетонные работы;matched;high;;бетононасос ИЛИ бетоносмеситель ИЛИ башенный кран ИЛИ автокран;грузовик;yes;60;"ГЭСН 06-01-003; 06-22-004";gesn06, fsnb2022, tsn_moscow;concrete;бетонные/железобетонные конструкции;"Подача смеси выполняется насосом или краном; автобетоносмеситель учитывается как наблюдаемая доставка."
86;;Выполнение строительно-монтажных работ;Устройство подземной части;Устройство несущих ж/б контсрукций подземной части здания;concrete;Монолитные бетонные и железобетонные работы;matched;high;;бетононасос ИЛИ бетоносмеситель ИЛИ башенный кран ИЛИ автокран;грузовик;yes;60;"ГЭСН 06-01-003; 06-22-004";gesn06, fsnb2022, tsn_moscow;concrete;бетонные/железобетонные конструкции;"Подача смеси выполняется насосом или краном; автобетоносмеситель учитывается как наблюдаемая доставка."
87;;Выполнение строительно-монтажных работ;Устройство подземной части;Устройство монолитных ж/б колонн;concrete;Монолитные бетонные и железобетонные работы;matched;high;;бетононасос ИЛИ бетоносмеситель ИЛИ башенный кран ИЛИ автокран;грузовик;yes;60;"ГЭСН 06-01-003; 06-22-004";gesn06, fsnb2022, tsn_moscow;concrete;бетонные/железобетонные конструкции;"Подача смеси выполняется насосом или краном; автобетоносмеситель учитывается как наблюдаемая доставка."
88;;Выполнение строительно-монтажных работ;Устройство подземной части;Устройство монолитных ж/б плит перекрытия/покрытия;concrete;Монолитные бетонные и железобетонные работы;matched;high;;бетононасос ИЛИ бетоносмеситель ИЛИ башенный кран ИЛИ автокран;грузовик;yes;60;"ГЭСН 06-01-003; 06-22-004";gesn06, fsnb2022, tsn_moscow;concrete;бетонные/железобетонные конструкции;"Подача смеси выполняется насосом или краном; автобетоносмеситель учитывается как наблюдаемая доставка."
89;;Выполнение строительно-монтажных работ;Устройство подземной части;Устройство монолитных ж/б лестниц;concrete;Монолитные бетонные и железобетонные работы;matched;high;;бетононасос ИЛИ бетоносмеситель ИЛИ башенный кран ИЛИ автокран;грузовик;yes;60;"ГЭСН 06-01-003; 06-22-004";gesn06, fsnb2022, tsn_moscow;concrete;бетонные/железобетонные конструкции;"Подача смеси выполняется насосом или краном; автобетоносмеситель учитывается как наблюдаемая доставка."
90;;Выполнение строительно-монтажных работ;Устройство подземной части;Устройство плиты перекрытия подземного этажа (+0.000);concrete;Монолитные бетонные и железобетонные работы;matched;high;;бетононасос ИЛИ бетоносмеситель ИЛИ башенный кран ИЛИ автокран;грузовик;yes;60;"ГЭСН 06-01-003; 06-22-004";gesn06, fsnb2022, tsn_moscow;concrete;бетонные/железобетонные конструкции;"Подача смеси выполняется насосом или краном; автобетоносмеситель учитывается как наблюдаемая доставка."
91;12.3.10;Выполнение строительно-монтажных работ;Устройство подземной части;Устройство гидроизоляции;no_camera_equipment;Работа без контролируемой тяжёлой техники;matched;high;;;;no;30;;fsnb2022;title:no-camera;этап не даёт устойчивого сигнала тяжёлой техники по внешней камере;Отделка, внутренние сети, IT, закупка и ручные операции не дают надёжного сигнала по внешней камере.
92;;Выполнение строительно-монтажных работ;Устройство подземной части;Устройство горизонтальной рулонной гидроизоляции в 2 слоя под защитой;no_camera_equipment;Работа без контролируемой тяжёлой техники;matched;high;;;;no;30;;fsnb2022;title:no-camera;этап не даёт устойчивого сигнала тяжёлой техники по внешней камере;Отделка, внутренние сети, IT, закупка и ручные операции не дают надёжного сигнала по внешней камере.
93;;Выполнение строительно-монтажных работ;Устройство подземной части;Устройство вертикальной рулонной гидроизоляции в 2 слоя;no_camera_equipment;Работа без контролируемой тяжёлой техники;matched;high;;;;no;30;;fsnb2022;title:no-camera;этап не даёт устойчивого сигнала тяжёлой техники по внешней камере;Отделка, внутренние сети, IT, закупка и ручные операции не дают надёжного сигнала по внешней камере.
94;;Выполнение строительно-монтажных работ;Устройство подземной части;Устройство отсечной гидроизоляции стен подвала (пакеры);no_camera_equipment;Работа без контролируемой тяжёлой техники;matched;high;;;;no;30;;fsnb2022;title:no-camera;этап не даёт устойчивого сигнала тяжёлой техники по внешней камере;Отделка, внутренние сети, IT, закупка и ручные операции не дают надёжного сигнала по внешней камере.
95;12.3.11;Выполнение строительно-монтажных работ;Устройство подземной части;Инъектирование стен подвала;no_camera_equipment;Работа без контролируемой тяжёлой техники;matched;high;;;;no;30;;fsnb2022;title:no-camera;этап не даёт устойчивого сигнала тяжёлой техники по внешней камере;Отделка, внутренние сети, IT, закупка и ручные операции не дают надёжного сигнала по внешней камере.
96;12.4;Выполнение строительно-монтажных работ;Устройство надземной части;Устройство надземной части;mixed_aboveground;Укрупнённая надземная фаза;matched;high;;;башенный кран, автокран, кран-манипулятор, бетоносмеситель, бетононасос, грузовик;no;30;;fsnb2022;exact:устройство надземной части;точное название укрупнённого этапа;"Заголовок объединяет разные технологии; обязательный комплект назначается дочерним строкам."
97;12.4.1;Выполнение строительно-монтажных работ;Устройство надземной части;Заказ оборудования;delivery_install;Доставка и эпизодический монтаж;matched;medium;;;грузовик, кран-манипулятор, автокран;no;30;;fsnb2022;delivery-install;доставка или эпизодический монтаж;Используется для оборудования, ограждений, освещения и прочих поставочных операций.
98;12.4.2;Выполнение строительно-монтажных работ;Устройство надземной части;Поставка оборудования;delivery_install;Доставка и эпизодический монтаж;matched;medium;;;грузовик, кран-манипулятор, автокран;no;30;;fsnb2022;delivery-install;доставка или эпизодический монтаж;Используется для оборудования, ограждений, освещения и прочих поставочных операций.
99;12.4.3;Выполнение строительно-монтажных работ;Устройство надземной части;Монтаж оборудования;delivery_install;Доставка и эпизодический монтаж;matched;medium;;;грузовик, кран-манипулятор, автокран;no;30;;fsnb2022;delivery-install;доставка или эпизодический монтаж;Используется для оборудования, ограждений, освещения и прочих поставочных операций.
100;12.4.4;Выполнение строительно-монтажных работ;Устройство надземной части;Устройство несущих ж/б контсрукций надземной части здания;concrete;Монолитные бетонные и железобетонные работы;matched;high;;бетононасос ИЛИ бетоносмеситель ИЛИ башенный кран ИЛИ автокран;грузовик;yes;60;"ГЭСН 06-01-003; 06-22-004";gesn06, fsnb2022, tsn_moscow;concrete;бетонные/железобетонные конструкции;"Подача смеси выполняется насосом или краном; автобетоносмеситель учитывается как наблюдаемая доставка."
101;12.4.5;Выполнение строительно-монтажных работ;Устройство надземной части;Армокаркас;rebar;Армирование и арматурные каркасы;matched;high;;;башенный кран, автокран, кран-манипулятор, грузовик;no;30;ГЭСН 06;gesn06, fsnb2022;rebar;армирование без явного бетонирования;Подъём арматуры эпизодичен, поэтому жёсткий контроль по камере не вводится.
102;12.4.6;Выполнение строительно-монтажных работ;Устройство надземной части;Опоры;structure_lift;Монтаж сборных, металлических и крупногабаритных конструкций;matched;high;;башенный кран ИЛИ автокран ИЛИ кран-манипулятор;грузовик;yes;60;"ГЭСН 07-05-004; ГЭСН 09";gesn07, fsnb2022, tsn_moscow;structure-lift;монтаж крупногабаритных конструкций;Нужна хотя бы одна грузоподъёмная машина в пределах окна наблюдения.
103;;Выполнение строительно-монтажных работ;Устройство надземной части;Устройство гидрозоляции;no_camera_equipment;Работа без контролируемой тяжёлой техники;matched;high;;;;no;30;;fsnb2022;title:no-camera;этап не даёт устойчивого сигнала тяжёлой техники по внешней камере;Отделка, внутренние сети, IT, закупка и ручные операции не дают надёжного сигнала по внешней камере.
104;;Выполнение строительно-монтажных работ;Устройство надземной части;Устройство ж/б конструкций;concrete;Монолитные бетонные и железобетонные работы;matched;high;;бетононасос ИЛИ бетоносмеситель ИЛИ башенный кран ИЛИ автокран;грузовик;yes;60;"ГЭСН 06-01-003; 06-22-004";gesn06, fsnb2022, tsn_moscow;concrete;бетонные/железобетонные конструкции;"Подача смеси выполняется насосом или краном; автобетоносмеситель учитывается как наблюдаемая доставка."
105;;Выполнение строительно-монтажных работ;Устройство надземной части;Окраска бетонных поверхностей;no_camera_equipment;Работа без контролируемой тяжёлой техники;matched;high;;;;no;30;;fsnb2022;title:no-camera;этап не даёт устойчивого сигнала тяжёлой техники по внешней камере;Отделка, внутренние сети, IT, закупка и ручные операции не дают надёжного сигнала по внешней камере.
106;12.4.7;Выполнение строительно-монтажных работ;Устройство надземной части;Пролеты;structure_lift;Монтаж сборных, металлических и крупногабаритных конструкций;matched;high;;башенный кран ИЛИ автокран ИЛИ кран-манипулятор;грузовик;yes;60;"ГЭСН 07-05-004; ГЭСН 09";gesn07, fsnb2022, tsn_moscow;structure-lift;монтаж крупногабаритных конструкций;Нужна хотя бы одна грузоподъёмная машина в пределах окна наблюдения.
107;;Выполнение строительно-монтажных работ;Устройство надземной части;Армирование пролетного строения;rebar;Армирование и арматурные каркасы;matched;high;;;башенный кран, автокран, кран-манипулятор, грузовик;no;30;ГЭСН 06;gesn06, fsnb2022;rebar;армирование без явного бетонирования;Подъём арматуры эпизодичен, поэтому жёсткий контроль по камере не вводится.
108;;Выполнение строительно-монтажных работ;Устройство надземной части;Бетонирование пролетного строения;concrete;Монолитные бетонные и железобетонные работы;matched;high;;бетононасос ИЛИ бетоносмеситель ИЛИ башенный кран ИЛИ автокран;грузовик;yes;60;"ГЭСН 06-01-003; 06-22-004";gesn06, fsnb2022, tsn_moscow;concrete;бетонные/железобетонные конструкции;"Подача смеси выполняется насосом или краном; автобетоносмеситель учитывается как наблюдаемая доставка."
109;;Выполнение строительно-монтажных работ;Устройство надземной части;Устройство конструкций пролетного строения (металл, балки);structure_lift;Монтаж сборных, металлических и крупногабаритных конструкций;matched;high;;башенный кран ИЛИ автокран ИЛИ кран-манипулятор;грузовик;yes;60;"ГЭСН 07-05-004; ГЭСН 09";gesn07, fsnb2022, tsn_moscow;structure-lift;монтаж крупногабаритных конструкций;Нужна хотя бы одна грузоподъёмная машина в пределах окна наблюдения.
110;;Выполнение строительно-монтажных работ;Устройство надземной части;Устройство конструкций кровли;structure_lift;Монтаж сборных, металлических и крупногабаритных конструкций;matched;high;;башенный кран ИЛИ автокран ИЛИ кран-манипулятор;грузовик;yes;60;"ГЭСН 07-05-004; ГЭСН 09";gesn07, fsnb2022, tsn_moscow;structure-lift;"монтаж крупногабаритных конструкций; также найдены признаки: facade-roof-masonry";Нужна хотя бы одна грузоподъёмная машина в пределах окна наблюдения.
111;;Выполнение строительно-монтажных работ;Устройство надземной части;Устройство пирога кровли;facade_roof_masonry;Фасад, кровля и наружная кладка;matched;medium;;;башенный кран, автокран, кран-манипулятор, грузовик;no;30;"ГЭСН 08; 12; 15; 26";fsnb2022, tsn_moscow;facade-roof-masonry;фасад/кровля/кладка;"Подача материалов видима эпизодически; отсутствие крана не считается нарушением."
112;12.4.8;Выполнение строительно-монтажных работ;Устройство надземной части;Стены и перегородки;facade_roof_masonry;Фасад, кровля и наружная кладка;matched;high;;;башенный кран, автокран, кран-манипулятор, грузовик;no;30;"ГЭСН 08; 12; 15; 26";fsnb2022, tsn_moscow;exact:стены и перегородки;точное название укрупнённого этапа;"Подача материалов видима эпизодически; отсутствие крана не считается нарушением."
113;;Выполнение строительно-монтажных работ;Устройство надземной части;Устройство наружных стен;facade_roof_masonry;Фасад, кровля и наружная кладка;matched;medium;;;башенный кран, автокран, кран-манипулятор, грузовик;no;30;"ГЭСН 08; 12; 15; 26";fsnb2022, tsn_moscow;facade-roof-masonry;фасад/кровля/кладка;"Подача материалов видима эпизодически; отсутствие крана не считается нарушением."
114;;Выполнение строительно-монтажных работ;Устройство надземной части;Устройство внутренних перегородок;no_camera_equipment;Работа без контролируемой тяжёлой техники;matched;high;;;;no;30;;fsnb2022;title:no-camera;этап не даёт устойчивого сигнала тяжёлой техники по внешней камере;Отделка, внутренние сети, IT, закупка и ручные операции не дают надёжного сигнала по внешней камере.
115;;Выполнение строительно-монтажных работ;Устройство надземной части;Устройство стен из ячеистого бетона, в т.ч. креплением их к монолитным стенам/перекрытиям, заделкой мест примыканий, установкой перемычек и армированием сеткой;facade_roof_masonry;Фасад, кровля и наружная кладка;matched;high;;;башенный кран, автокран, кран-манипулятор, грузовик;no;30;"ГЭСН 08; 12; 15; 26";fsnb2022, tsn_moscow;masonry-specific;"стены/перегородки из штучных материалов; также найдены признаки: concrete";"Подача материалов видима эпизодически; отсутствие крана не считается нарушением."
116;;Выполнение строительно-монтажных работ;Устройство надземной части;Устройство внутренних перегородок;no_camera_equipment;Работа без контролируемой тяжёлой техники;matched;high;;;;no;30;;fsnb2022;title:no-camera;этап не даёт устойчивого сигнала тяжёлой техники по внешней камере;Отделка, внутренние сети, IT, закупка и ручные операции не дают надёжного сигнала по внешней камере.
117;;Выполнение строительно-монтажных работ;Устройство надземной части;Кладка стен наружных армированных из кирпича;facade_roof_masonry;Фасад, кровля и наружная кладка;matched;high;;;башенный кран, автокран, кран-манипулятор, грузовик;no;30;"ГЭСН 08; 12; 15; 26";fsnb2022, tsn_moscow;masonry-specific;"стены/перегородки из штучных материалов; также найдены признаки: facade-roof-masonry";"Подача материалов видима эпизодически; отсутствие крана не считается нарушением."
118;;Выполнение строительно-монтажных работ;Устройство надземной части;Наружная облицовка поверхности стен, отливов профлистом;facade_roof_masonry;Фасад, кровля и наружная кладка;matched;medium;;;башенный кран, автокран, кран-манипулятор, грузовик;no;30;"ГЭСН 08; 12; 15; 26";fsnb2022, tsn_moscow;facade-roof-masonry;фасад/кровля/кладка;"Подача материалов видима эпизодически; отсутствие крана не считается нарушением."
119;;Выполнение строительно-монтажных работ;Устройство надземной части;"Монтаж наружных стеновых сэндвич-панелей 
 (сэндвич-панели, нащельники)";structure_lift;Монтаж сборных, металлических и крупногабаритных конструкций;matched;high;;башенный кран ИЛИ автокран ИЛИ кран-манипулятор;грузовик;yes;60;"ГЭСН 07-05-004; ГЭСН 09";gesn07, fsnb2022, tsn_moscow;structure-lift;"монтаж крупногабаритных конструкций; также найдены признаки: facade-roof-masonry";Нужна хотя бы одна грузоподъёмная машина в пределах окна наблюдения.
120;;Выполнение строительно-монтажных работ;Устройство надземной части;Устройство стен и перегородок из кирпича, в т.ч. креплением их к монолитным стенам/перекрытиям, заделкой мест примыканий, установкой перемычек и армированием сеткой;facade_roof_masonry;Фасад, кровля и наружная кладка;matched;high;;;башенный кран, автокран, кран-манипулятор, грузовик;no;30;"ГЭСН 08; 12; 15; 26";fsnb2022, tsn_moscow;masonry-specific;"стены/перегородки из штучных материалов; также найдены признаки: concrete, facade-roof-masonry";"Подача материалов видима эпизодически; отсутствие крана не считается нарушением."
121;;Выполнение строительно-монтажных работ;Устройство надземной части;Устройство армированных кирпичных перегородок, укладка перемычек;facade_roof_masonry;Фасад, кровля и наружная кладка;matched;medium;;;башенный кран, автокран, кран-манипулятор, грузовик;no;30;"ГЭСН 08; 12; 15; 26";fsnb2022, tsn_moscow;facade-roof-masonry;фасад/кровля/кладка;"Подача материалов видима эпизодически; отсутствие крана не считается нарушением."
122;;Выполнение строительно-монтажных работ;Устройство надземной части;Облицовка стен ГВЛВ по металлическому каркасу с теплоизоляцией;facade_roof_masonry;Фасад, кровля и наружная кладка;matched;medium;;;башенный кран, автокран, кран-манипулятор, грузовик;no;30;"ГЭСН 08; 12; 15; 26";fsnb2022, tsn_moscow;facade-roof-masonry;фасад/кровля/кладка;"Подача материалов видима эпизодически; отсутствие крана не считается нарушением."
123;;Выполнение строительно-монтажных работ;Устройство надземной части;Устройство армированных перегородок из газобетонных блоков;facade_roof_masonry;Фасад, кровля и наружная кладка;matched;high;;;башенный кран, автокран, кран-манипулятор, грузовик;no;30;"ГЭСН 08; 12; 15; 26";fsnb2022, tsn_moscow;masonry-specific;"стены/перегородки из штучных материалов; также найдены признаки: facade-roof-masonry";"Подача материалов видима эпизодически; отсутствие крана не считается нарушением."
124;;Выполнение строительно-монтажных работ;Устройство надземной части;Устройство армированных внутренних перегородок из газобетонного блока;no_camera_equipment;Работа без контролируемой тяжёлой техники;matched;high;;;;no;30;;fsnb2022;title:no-camera;этап не даёт устойчивого сигнала тяжёлой техники по внешней камере;Отделка, внутренние сети, IT, закупка и ручные операции не дают надёжного сигнала по внешней камере.
125;;Выполнение строительно-монтажных работ;Устройство надземной части;Установка сантехнических перегородок;no_camera_equipment;Работа без контролируемой тяжёлой техники;matched;high;;;;no;30;;fsnb2022;title:no-camera;этап не даёт устойчивого сигнала тяжёлой техники по внешней камере;Отделка, внутренние сети, IT, закупка и ручные операции не дают надёжного сигнала по внешней камере.
126;;Выполнение строительно-монтажных работ;Устройство надземной части;Устройство перегородок из гипсокартонных листов (ГКЛ);facade_roof_masonry;Фасад, кровля и наружная кладка;matched;high;;;башенный кран, автокран, кран-манипулятор, грузовик;no;30;"ГЭСН 08; 12; 15; 26";fsnb2022, tsn_moscow;masonry-specific;"стены/перегородки из штучных материалов; также найдены признаки: facade-roof-masonry";"Подача материалов видима эпизодически; отсутствие крана не считается нарушением."
127;;Выполнение строительно-монтажных работ;Устройство надземной части;Облицовка стен листами ГКЛ на клею в 2 слоя;facade_roof_masonry;Фасад, кровля и наружная кладка;matched;medium;;;башенный кран, автокран, кран-манипулятор, грузовик;no;30;"ГЭСН 08; 12; 15; 26";fsnb2022, tsn_moscow;facade-roof-masonry;фасад/кровля/кладка;"Подача материалов видима эпизодически; отсутствие крана не считается нарушением."
128;;Выполнение строительно-монтажных работ;Устройство надземной части;Установка люков сантехнических (ревизионных);no_camera_equipment;Работа без контролируемой тяжёлой техники;matched;high;;;;no;30;;fsnb2022;title:no-camera;этап не даёт устойчивого сигнала тяжёлой техники по внешней камере;Отделка, внутренние сети, IT, закупка и ручные операции не дают надёжного сигнала по внешней камере.
129;12.4.9;Выполнение строительно-монтажных работ;Устройство надземной части;Бетонирование плиты и стен;concrete;Монолитные бетонные и железобетонные работы;matched;high;;бетононасос ИЛИ бетоносмеситель ИЛИ башенный кран ИЛИ автокран;грузовик;yes;60;"ГЭСН 06-01-003; 06-22-004";gesn06, fsnb2022, tsn_moscow;concrete;бетонные/железобетонные конструкции;"Подача смеси выполняется насосом или краном; автобетоносмеситель учитывается как наблюдаемая доставка."
130;12.4.10;Выполнение строительно-монтажных работ;Устройство надземной части;Бетонирование колонн и перекрытий;concrete;Монолитные бетонные и железобетонные работы;matched;high;;бетононасос ИЛИ бетоносмеситель ИЛИ башенный кран ИЛИ автокран;грузовик;yes;60;"ГЭСН 06-01-003; 06-22-004";gesn06, fsnb2022, tsn_moscow;concrete;бетонные/железобетонные конструкции;"Подача смеси выполняется насосом или краном; автобетоносмеситель учитывается как наблюдаемая доставка."
131;12.4.11;Выполнение строительно-монтажных работ;Устройство надземной части;Фасад;facade_roof_masonry;Фасад, кровля и наружная кладка;matched;medium;;;башенный кран, автокран, кран-манипулятор, грузовик;no;30;"ГЭСН 08; 12; 15; 26";fsnb2022, tsn_moscow;facade-roof-masonry;фасад/кровля/кладка;"Подача материалов видима эпизодически; отсутствие крана не считается нарушением."
132;;Выполнение строительно-монтажных работ;Устройство надземной части;Монтаж утеплителя;facade_roof_masonry;Фасад, кровля и наружная кладка;matched;medium;;;башенный кран, автокран, кран-манипулятор, грузовик;no;30;"ГЭСН 08; 12; 15; 26";fsnb2022, tsn_moscow;facade-roof-masonry;фасад/кровля/кладка;"Подача материалов видима эпизодически; отсутствие крана не считается нарушением."
133;;Выполнение строительно-монтажных работ;Устройство надземной части;Монтаж фасадной системы;facade_roof_masonry;Фасад, кровля и наружная кладка;matched;medium;;;башенный кран, автокран, кран-манипулятор, грузовик;no;30;"ГЭСН 08; 12; 15; 26";fsnb2022, tsn_moscow;facade-roof-masonry;фасад/кровля/кладка;"Подача материалов видима эпизодически; отсутствие крана не считается нарушением."
134;;Выполнение строительно-монтажных работ;Устройство надземной части;Монтаж навесных элементов фасада;facade_roof_masonry;Фасад, кровля и наружная кладка;matched;medium;;;башенный кран, автокран, кран-манипулятор, грузовик;no;30;"ГЭСН 08; 12; 15; 26";fsnb2022, tsn_moscow;facade-roof-masonry;фасад/кровля/кладка;"Подача материалов видима эпизодически; отсутствие крана не считается нарушением."
135;;Выполнение строительно-монтажных работ;Устройство надземной части;Заполнение оконных проемов;no_camera_equipment;Работа без контролируемой тяжёлой техники;matched;high;;;;no;30;;fsnb2022;title:no-camera;этап не даёт устойчивого сигнала тяжёлой техники по внешней камере;Отделка, внутренние сети, IT, закупка и ручные операции не дают надёжного сигнала по внешней камере.
136;12.4.12;Выполнение строительно-монтажных работ;Устройство надземной части;Основание верхнего слоя дорожной одежды;road_base;Дорожное основание и подготовительные слои;matched;high;;каток ИЛИ автогрейдер ИЛИ бульдозер;самосвал, погрузчик, экскаватор, грузовик, автокран;yes;30;"ГЭСН 27-03-002; 27-03-003";gesn27, fsnb2022, tsn_moscow;road-base;основание дорожной одежды;Автогрейдер добавлен как отдельный класс для планировки дорожных оснований.
137;;Выполнение строительно-монтажных работ;Устройство надземной части;Устройство верхнего слоя основания дорожной одежды;road_base;Дорожное основание и подготовительные слои;matched;high;;каток ИЛИ автогрейдер ИЛИ бульдозер;самосвал, погрузчик, экскаватор, грузовик, автокран;yes;30;"ГЭСН 27-03-002; 27-03-003";gesn27, fsnb2022, tsn_moscow;road-base;основание дорожной одежды;Автогрейдер добавлен как отдельный класс для планировки дорожных оснований.
138;;Выполнение строительно-монтажных работ;Устройство надземной части;Планировка верхнего слоя основания дорожной одежды;road_base;Дорожное основание и подготовительные слои;matched;high;;каток ИЛИ автогрейдер ИЛИ бульдозер;самосвал, погрузчик, экскаватор, грузовик, автокран;yes;30;"ГЭСН 27-03-002; 27-03-003";gesn27, fsnb2022, tsn_moscow;road-base;основание дорожной одежды;Автогрейдер добавлен как отдельный класс для планировки дорожных оснований.
139;;Выполнение строительно-монтажных работ;Устройство надземной части;Уплотнение верхнего слоя основания дорожной одежды;road_base;Дорожное основание и подготовительные слои;matched;high;;каток ИЛИ автогрейдер ИЛИ бульдозер;самосвал, погрузчик, экскаватор, грузовик, автокран;yes;30;"ГЭСН 27-03-002; 27-03-003";gesn27, fsnb2022, tsn_moscow;road-base;основание дорожной одежды;Автогрейдер добавлен как отдельный класс для планировки дорожных оснований.
140;;Выполнение строительно-монтажных работ;Устройство надземной части;Устройство бортового камня;manual_paving;Плиточное, бортовое и малое покрытие;matched;high;;;погрузчик, грузовик, кран-манипулятор, каток;no;30;ГЭСН 27;gesn27, tsn_moscow;manual-paving;малое дорожное покрытие/элементы;"Работа часто выполняется малыми механизмами и вручную; тяжёлая техника не обязательна."
141;12.4.13;Выполнение строительно-монтажных работ;Устройство надземной части;Мостовое полотно;concrete;Монолитные бетонные и железобетонные работы;matched;high;;бетононасос ИЛИ бетоносмеситель ИЛИ башенный кран ИЛИ автокран;грузовик;yes;60;"ГЭСН 06-01-003; 06-22-004";gesn06, fsnb2022, tsn_moscow;exact:мостовое полотно;точное название укрупнённого этапа;"Подача смеси выполняется насосом или краном; автобетоносмеситель учитывается как наблюдаемая доставка."
142;;Выполнение строительно-монтажных работ;Устройство надземной части;Устройство плиты проезжей части;concrete;Монолитные бетонные и железобетонные работы;matched;high;;бетононасос ИЛИ бетоносмеситель ИЛИ башенный кран ИЛИ автокран;грузовик;yes;60;"ГЭСН 06-01-003; 06-22-004";gesn06, fsnb2022, tsn_moscow;concrete;бетонные/железобетонные конструкции;"Подача смеси выполняется насосом или краном; автобетоносмеситель учитывается как наблюдаемая доставка."
143;;Выполнение строительно-монтажных работ;Устройство надземной части;Устройство монолитного участка деформационного шва;concrete;Монолитные бетонные и железобетонные работы;matched;high;;бетононасос ИЛИ бетоносмеситель ИЛИ башенный кран ИЛИ автокран;грузовик;yes;60;"ГЭСН 06-01-003; 06-22-004";gesn06, fsnb2022, tsn_moscow;concrete;бетонные/железобетонные конструкции;"Подача смеси выполняется насосом или краном; автобетоносмеситель учитывается как наблюдаемая доставка."
144;;Выполнение строительно-монтажных работ;Устройство надземной части;Установка бокового барьерного ограждения с внешней стороны пролетного строения;delivery_install;Доставка и эпизодический монтаж;matched;high;;;грузовик, кран-манипулятор, автокран;no;30;;fsnb2022;exact:установка бокового барьерного ограждения с внешней стороны пролетного строения;точное название укрупнённого этапа;Используется для оборудования, ограждений, освещения и прочих поставочных операций.
145;;Выполнение строительно-монтажных работ;Устройство надземной части;Установка барьерного ограждения на разделительной полосе;delivery_install;Доставка и эпизодический монтаж;matched;medium;;;грузовик, кран-манипулятор, автокран;no;30;;fsnb2022;delivery-install;доставка или эпизодический монтаж;Используется для оборудования, ограждений, освещения и прочих поставочных операций.
146;;Выполнение строительно-монтажных работ;Устройство надземной части;Установка перильного ограждения;delivery_install;Доставка и эпизодический монтаж;matched;medium;;;грузовик, кран-манипулятор, автокран;no;30;;fsnb2022;delivery-install;доставка или эпизодический монтаж;Используется для оборудования, ограждений, освещения и прочих поставочных операций.
147;;Выполнение строительно-монтажных работ;Устройство надземной части;Устройство конструкций пролетного строения (металл, балки);structure_lift;Монтаж сборных, металлических и крупногабаритных конструкций;matched;high;;башенный кран ИЛИ автокран ИЛИ кран-манипулятор;грузовик;yes;60;"ГЭСН 07-05-004; ГЭСН 09";gesn07, fsnb2022, tsn_moscow;structure-lift;монтаж крупногабаритных конструкций;Нужна хотя бы одна грузоподъёмная машина в пределах окна наблюдения.
148;12.4.14;Выполнение строительно-монтажных работ;Устройство надземной части;Покрытие дорожной одежды;asphalt_paving;Асфальтобетонное покрытие;matched;high;;асфальтоукладчик ИЛИ каток;самосвал, погрузчик, автогрейдер, грузовик;yes;30;ГЭСН 27-06-039;gesn27, fsnb2022, tsn_moscow;asphalt;"асфальтобетонное покрытие; также найдены признаки: road-base";"Асфальтоукладчик добавлен как самостоятельный визуальный класс; каток покрывает стадию уплотнения."
149;;Выполнение строительно-монтажных работ;Устройство надземной части;Устройство нижнего слоя покрытия;asphalt_paving;Асфальтобетонное покрытие;matched;high;;асфальтоукладчик ИЛИ каток;самосвал, погрузчик, автогрейдер, грузовик;yes;30;ГЭСН 27-06-039;gesn27, fsnb2022, tsn_moscow;asphalt;асфальтобетонное покрытие;"Асфальтоукладчик добавлен как самостоятельный визуальный класс; каток покрывает стадию уплотнения."
150;;Выполнение строительно-монтажных работ;Устройство надземной части;Устройство верхнего слоя покрытия;asphalt_paving;Асфальтобетонное покрытие;matched;high;;асфальтоукладчик ИЛИ каток;самосвал, погрузчик, автогрейдер, грузовик;yes;30;ГЭСН 27-06-039;gesn27, fsnb2022, tsn_moscow;asphalt;асфальтобетонное покрытие;"Асфальтоукладчик добавлен как самостоятельный визуальный класс; каток покрывает стадию уплотнения."
151;;Выполнение строительно-монтажных работ;Устройство надземной части;Дорожные знаки;delivery_install;Доставка и эпизодический монтаж;matched;high;;;грузовик, кран-манипулятор, автокран;no;30;;fsnb2022;exact:дорожные знаки;точное название укрупнённого этапа;Используется для оборудования, ограждений, освещения и прочих поставочных операций.
152;;Выполнение строительно-монтажных работ;Устройство надземной части;Пешеходное ограждение;delivery_install;Доставка и эпизодический монтаж;matched;high;;;грузовик, кран-манипулятор, автокран;no;30;;fsnb2022;exact:пешеходное ограждение;точное название укрупнённого этапа;Используется для оборудования, ограждений, освещения и прочих поставочных операций.
153;;Выполнение строительно-монтажных работ;Устройство надземной части;Светофорные объекты;delivery_install;Доставка и эпизодический монтаж;matched;high;;;грузовик, кран-манипулятор, автокран;no;30;;fsnb2022;exact:светофорные объекты;точное название укрупнённого этапа;Используется для оборудования, ограждений, освещения и прочих поставочных операций.
154;;Выполнение строительно-монтажных работ;Устройство надземной части;Шумо/грязезащитные экраны;delivery_install;Доставка и эпизодический монтаж;matched;high;;;грузовик, кран-манипулятор, автокран;no;30;;fsnb2022;exact:шумо/грязезащитные экраны;точное название укрупнённого этапа;Используется для оборудования, ограждений, освещения и прочих поставочных операций.
155;;Выполнение строительно-монтажных работ;Устройство надземной части;Дорожное ограждение;delivery_install;Доставка и эпизодический монтаж;matched;medium;;;грузовик, кран-манипулятор, автокран;no;30;;fsnb2022;delivery-install;доставка или эпизодический монтаж;Используется для оборудования, ограждений, освещения и прочих поставочных операций.
156;12.4.15;Выполнение строительно-монтажных работ;Устройство надземной части;ВСП (верхнее строение пути);structure_lift;Монтаж сборных, металлических и крупногабаритных конструкций;matched;high;;башенный кран ИЛИ автокран ИЛИ кран-манипулятор;грузовик;yes;60;"ГЭСН 07-05-004; ГЭСН 09";gesn07, fsnb2022, tsn_moscow;structure-lift;монтаж крупногабаритных конструкций;Нужна хотя бы одна грузоподъёмная машина в пределах окна наблюдения.
157;;Выполнение строительно-монтажных работ;Устройство надземной части;Жесткое основание;road_base;Дорожное основание и подготовительные слои;matched;high;;каток ИЛИ автогрейдер ИЛИ бульдозер;самосвал, погрузчик, экскаватор, грузовик, автокран;yes;30;"ГЭСН 27-03-002; 27-03-003";gesn27, fsnb2022, tsn_moscow;road-base;основание дорожной одежды;Автогрейдер добавлен как отдельный класс для планировки дорожных оснований.
158;;Выполнение строительно-монтажных работ;Устройство надземной части;Рельсо-шпальная решетка, стрелочные переводы;structure_lift;Монтаж сборных, металлических и крупногабаритных конструкций;matched;high;;башенный кран ИЛИ автокран ИЛИ кран-манипулятор;грузовик;yes;60;"ГЭСН 07-05-004; ГЭСН 09";gesn07, fsnb2022, tsn_moscow;structure-lift;монтаж крупногабаритных конструкций;Нужна хотя бы одна грузоподъёмная машина в пределах окна наблюдения.
159;;Выполнение строительно-монтажных работ;Устройство надземной части;Путевой бетон;concrete;Монолитные бетонные и железобетонные работы;matched;high;;бетононасос ИЛИ бетоносмеситель ИЛИ башенный кран ИЛИ автокран;грузовик;yes;60;"ГЭСН 06-01-003; 06-22-004";gesn06, fsnb2022, tsn_moscow;concrete;бетонные/железобетонные конструкции;"Подача смеси выполняется насосом или краном; автобетоносмеситель учитывается как наблюдаемая доставка."
160;12.4.16;Выполнение строительно-монтажных работ;Устройство надземной части;Средства организации дорожного движения;delivery_install;Доставка и эпизодический монтаж;matched;high;;;грузовик, кран-манипулятор, автокран;no;30;;fsnb2022;exact:средства организации дорожного движения;точное название укрупнённого этапа;Используется для оборудования, ограждений, освещения и прочих поставочных операций.
161;12.4.17;Выполнение строительно-монтажных работ;Устройство надземной части;Дорожная разметка;no_camera_equipment;Работа без контролируемой тяжёлой техники;matched;high;;;;no;30;;fsnb2022;title:no-camera;этап не даёт устойчивого сигнала тяжёлой техники по внешней камере;Отделка, внутренние сети, IT, закупка и ручные операции не дают надёжного сигнала по внешней камере.
162;12.4.18;Выполнение строительно-монтажных работ;Устройство надземной части;Обустройство;delivery_install;Доставка и эпизодический монтаж;matched;high;;;грузовик, кран-манипулятор, автокран;no;30;;fsnb2022;exact:обустройство;точное название укрупнённого этапа;Используется для оборудования, ограждений, освещения и прочих поставочных операций.
163;12.4.19;Выполнение строительно-монтажных работ;Устройство надземной части;Установка дорожных знаков;delivery_install;Доставка и эпизодический монтаж;matched;medium;;;грузовик, кран-манипулятор, автокран;no;30;;fsnb2022;delivery-install;доставка или эпизодический монтаж;Используется для оборудования, ограждений, освещения и прочих поставочных операций.
164;12.4.20;Выполнение строительно-монтажных работ;Устройство надземной части;Установка пешеходного ограждения;delivery_install;Доставка и эпизодический монтаж;matched;medium;;;грузовик, кран-манипулятор, автокран;no;30;;fsnb2022;delivery-install;доставка или эпизодический монтаж;Используется для оборудования, ограждений, освещения и прочих поставочных операций.
165;12.4.21;Выполнение строительно-монтажных работ;Устройство надземной части;Установка светофорных объектов;delivery_install;Доставка и эпизодический монтаж;matched;medium;;;грузовик, кран-манипулятор, автокран;no;30;;fsnb2022;delivery-install;доставка или эпизодический монтаж;Используется для оборудования, ограждений, освещения и прочих поставочных операций.
166;12.4.22;Выполнение строительно-монтажных работ;Устройство надземной части;Установка шумо/грязезащитных экранов;delivery_install;Доставка и эпизодический монтаж;matched;medium;;;грузовик, кран-манипулятор, автокран;no;30;;fsnb2022;delivery-install;доставка или эпизодический монтаж;Используется для оборудования, ограждений, освещения и прочих поставочных операций.
167;12.4.23;Выполнение строительно-монтажных работ;Устройство надземной части;Подпорная / противопожарная стена;concrete;Монолитные бетонные и железобетонные работы;matched;high;;бетононасос ИЛИ бетоносмеситель ИЛИ башенный кран ИЛИ автокран;грузовик;yes;60;"ГЭСН 06-01-003; 06-22-004";gesn06, fsnb2022, tsn_moscow;concrete;бетонные/железобетонные конструкции;"Подача смеси выполняется насосом или краном; автобетоносмеситель учитывается как наблюдаемая доставка."
168;12.4.24;Выполнение строительно-монтажных работ;Устройство надземной части;Противопожарные мероприятия;no_camera_equipment;Работа без контролируемой тяжёлой техники;matched;high;;;;no;30;;fsnb2022;title:no-camera;этап не даёт устойчивого сигнала тяжёлой техники по внешней камере;Отделка, внутренние сети, IT, закупка и ручные операции не дают надёжного сигнала по внешней камере.
169;12.4.25;Выполнение строительно-монтажных работ;Устройство надземной части;Трансбарьер;delivery_install;Доставка и эпизодический монтаж;matched;high;;;грузовик, кран-манипулятор, автокран;no;30;;fsnb2022;exact:трансбарьер;точное название укрупнённого этапа;Используется для оборудования, ограждений, освещения и прочих поставочных операций.
170;12.4.26;Выполнение строительно-монтажных работ;Устройство надземной части;огнезащита, окраска;no_camera_equipment;Работа без контролируемой тяжёлой техники;matched;high;;;;no;30;;fsnb2022;title:no-camera;этап не даёт устойчивого сигнала тяжёлой техники по внешней камере;Отделка, внутренние сети, IT, закупка и ручные операции не дают надёжного сигнала по внешней камере.
171;12.4.27;Выполнение строительно-монтажных работ;Устройство надземной части;Насыпь/Призма;earth_grading;Планировка, насыпь и обратная засыпка;matched;high;;бульдозер ИЛИ автогрейдер ИЛИ экскаватор;самосвал, погрузчик, каток;yes;30;"ГЭСН 01-01-116; 01-01-117";fsnb2022;earth-grading;планировка или перемещение грунта;Технология допускает разные ведущие планировочные машины.
172;12.4.28;Выполнение строительно-монтажных работ;Устройство надземной части;"Монолитные работы выше отметки""0""";concrete;Монолитные бетонные и железобетонные работы;matched;high;;бетононасос ИЛИ бетоносмеситель ИЛИ башенный кран ИЛИ автокран;грузовик;yes;60;"ГЭСН 06-01-003; 06-22-004";gesn06, fsnb2022, tsn_moscow;concrete;бетонные/железобетонные конструкции;"Подача смеси выполняется насосом или краном; автобетоносмеситель учитывается как наблюдаемая доставка."
173;;Выполнение строительно-монтажных работ;Устройство надземной части;Сталебетонные перекрытия выше отм. 0,000;concrete;Монолитные бетонные и железобетонные работы;matched;high;;бетононасос ИЛИ бетоносмеситель ИЛИ башенный кран ИЛИ автокран;грузовик;yes;60;"ГЭСН 06-01-003; 06-22-004";gesn06, fsnb2022, tsn_moscow;concrete;бетонные/железобетонные конструкции;"Подача смеси выполняется насосом или краном; автобетоносмеситель учитывается как наблюдаемая доставка."
174;;Выполнение строительно-монтажных работ;Устройство надземной части;Устройство монолитных ж/б лестниц;concrete;Монолитные бетонные и железобетонные работы;matched;high;;бетононасос ИЛИ бетоносмеситель ИЛИ башенный кран ИЛИ автокран;грузовик;yes;60;"ГЭСН 06-01-003; 06-22-004";gesn06, fsnb2022, tsn_moscow;concrete;бетонные/железобетонные конструкции;"Подача смеси выполняется насосом или краном; автобетоносмеситель учитывается как наблюдаемая доставка."
175;;Выполнение строительно-монтажных работ;Устройство надземной части;Трибуны актового зала;delivery_install;Доставка и эпизодический монтаж;matched;high;;;грузовик, кран-манипулятор, автокран;no;30;;fsnb2022;exact:трибуны актового зала;точное название укрупнённого этапа;Используется для оборудования, ограждений, освещения и прочих поставочных операций.
176;;Выполнение строительно-монтажных работ;Устройство надземной части;Устройство монолитных ж/б конструкций входных групп;concrete;Монолитные бетонные и железобетонные работы;matched;high;;бетононасос ИЛИ бетоносмеситель ИЛИ башенный кран ИЛИ автокран;грузовик;yes;60;"ГЭСН 06-01-003; 06-22-004";gesn06, fsnb2022, tsn_moscow;concrete;бетонные/железобетонные конструкции;"Подача смеси выполняется насосом или краном; автобетоносмеситель учитывается как наблюдаемая доставка."
177;;Выполнение строительно-монтажных работ;Устройство надземной части;Устройство горизонтальной рулонной гидроизоляции в 2 слоя под защитой;no_camera_equipment;Работа без контролируемой тяжёлой техники;matched;high;;;;no;30;;fsnb2022;title:no-camera;этап не даёт устойчивого сигнала тяжёлой техники по внешней камере;Отделка, внутренние сети, IT, закупка и ручные операции не дают надёжного сигнала по внешней камере.
178;;Выполнение строительно-монтажных работ;Устройство надземной части;Устройство вертикальной рулонной гидроизоляции в 2 слоя по праймеру;no_camera_equipment;Работа без контролируемой тяжёлой техники;matched;high;;;;no;30;;fsnb2022;title:no-camera;этап не даёт устойчивого сигнала тяжёлой техники по внешней камере;Отделка, внутренние сети, IT, закупка и ручные операции не дают надёжного сигнала по внешней камере.
179;;Выполнение строительно-монтажных работ;Устройство надземной части;Теплоизоляция стен экструдированным пенополистиролом толщ. 100 мм;facade_roof_masonry;Фасад, кровля и наружная кладка;matched;medium;;;башенный кран, автокран, кран-манипулятор, грузовик;no;30;"ГЭСН 08; 12; 15; 26";fsnb2022, tsn_moscow;facade-roof-masonry;фасад/кровля/кладка;"Подача материалов видима эпизодически; отсутствие крана не считается нарушением."
180;;Выполнение строительно-монтажных работ;Устройство надземной части;Устройство пристенного дренажа, в т.ч. прижимной стенки;network_trench;Наружные сети и траншейные работы;matched;high;экскаватор;;самосвал, погрузчик, грузовик, автокран, кран-манипулятор;yes;30;"ГЭСН 01; 22; 23; 24; 33; 34";fsnb2022, tsn_moscow;network-explicit;наружная сеть/траншея;"Контроль применяется к наружной трассе/траншее; внутренние сети вынесены в отдельный профиль."
181;12.4.29;Выполнение строительно-монтажных работ;Устройство надземной части;Каркас здания;structure_lift;Монтаж сборных, металлических и крупногабаритных конструкций;matched;high;;башенный кран ИЛИ автокран ИЛИ кран-манипулятор;грузовик;yes;60;"ГЭСН 07-05-004; ГЭСН 09";gesn07, fsnb2022, tsn_moscow;structure-lift;монтаж крупногабаритных конструкций;Нужна хотя бы одна грузоподъёмная машина в пределах окна наблюдения.
182;;Выполнение строительно-монтажных работ;Устройство надземной части;Устройство ж/б конструкций;concrete;Монолитные бетонные и железобетонные работы;matched;high;;бетононасос ИЛИ бетоносмеситель ИЛИ башенный кран ИЛИ автокран;грузовик;yes;60;"ГЭСН 06-01-003; 06-22-004";gesn06, fsnb2022, tsn_moscow;concrete;бетонные/железобетонные конструкции;"Подача смеси выполняется насосом или краном; автобетоносмеситель учитывается как наблюдаемая доставка."
183;12.4.30;Выполнение строительно-монтажных работ;Устройство надземной части;Металлоконструкции;structure_lift;Монтаж сборных, металлических и крупногабаритных конструкций;matched;high;;башенный кран ИЛИ автокран ИЛИ кран-манипулятор;грузовик;yes;60;"ГЭСН 07-05-004; ГЭСН 09";gesn07, fsnb2022, tsn_moscow;structure-lift;монтаж крупногабаритных конструкций;Нужна хотя бы одна грузоподъёмная машина в пределах окна наблюдения.
184;;Выполнение строительно-монтажных работ;Устройство надземной части;Металлоконструкции (фермы, балки, прогоны, надколонники, связи, козырьки, решетки приямков, лестницы);structure_lift;Монтаж сборных, металлических и крупногабаритных конструкций;matched;high;;башенный кран ИЛИ автокран ИЛИ кран-манипулятор;грузовик;yes;60;"ГЭСН 07-05-004; ГЭСН 09";gesn07, fsnb2022, tsn_moscow;structure-lift;"монтаж крупногабаритных конструкций; также найдены признаки: facade-roof-masonry";Нужна хотя бы одна грузоподъёмная машина в пределах окна наблюдения.
185;;Выполнение строительно-монтажных работ;Устройство надземной части;Покрытие из профилированного листа;structure_lift;Монтаж сборных, металлических и крупногабаритных конструкций;matched;high;;башенный кран ИЛИ автокран ИЛИ кран-манипулятор;грузовик;yes;60;"ГЭСН 07-05-004; ГЭСН 09";gesn07, fsnb2022, tsn_moscow;structure-lift;монтаж крупногабаритных конструкций;Нужна хотя бы одна грузоподъёмная машина в пределах окна наблюдения.
186;;Выполнение строительно-монтажных работ;Устройство надземной части;Огнезащита м/к;no_camera_equipment;Работа без контролируемой тяжёлой техники;matched;high;;;;no;30;;fsnb2022;title:no-camera;этап не даёт устойчивого сигнала тяжёлой техники по внешней камере;Отделка, внутренние сети, IT, закупка и ручные операции не дают надёжного сигнала по внешней камере.
187;;Выполнение строительно-монтажных работ;Устройство надземной части;Ограждения;delivery_install;Доставка и эпизодический монтаж;matched;high;;;грузовик, кран-манипулятор, автокран;no;30;;fsnb2022;exact:ограждения;точное название укрупнённого этапа;Используется для оборудования, ограждений, освещения и прочих поставочных операций.
188;;Выполнение строительно-монтажных работ;Устройство надземной части;Решетки;delivery_install;Доставка и эпизодический монтаж;matched;high;;;грузовик, кран-манипулятор, автокран;no;30;;fsnb2022;exact:решетки;точное название укрупнённого этапа;Используется для оборудования, ограждений, освещения и прочих поставочных операций.
189;;Выполнение строительно-монтажных работ;Устройство надземной части;Пожарные лестницы;delivery_install;Доставка и эпизодический монтаж;matched;high;;;грузовик, кран-манипулятор, автокран;no;30;;fsnb2022;exact:пожарные лестницы;точное название укрупнённого этапа;Используется для оборудования, ограждений, освещения и прочих поставочных операций.
190;12.4.31;Выполнение строительно-монтажных работ;Устройство надземной части;Устройство пирога кровли;facade_roof_masonry;Фасад, кровля и наружная кладка;matched;medium;;;башенный кран, автокран, кран-манипулятор, грузовик;no;30;"ГЭСН 08; 12; 15; 26";fsnb2022, tsn_moscow;facade-roof-masonry;фасад/кровля/кладка;"Подача материалов видима эпизодически; отсутствие крана не считается нарушением."
191;;Выполнение строительно-монтажных работ;Устройство надземной части;Пароизоляция;facade_roof_masonry;Фасад, кровля и наружная кладка;matched;medium;;;башенный кран, автокран, кран-манипулятор, грузовик;no;30;"ГЭСН 08; 12; 15; 26";fsnb2022, tsn_moscow;facade-roof-masonry;фасад/кровля/кладка;"Подача материалов видима эпизодически; отсутствие крана не считается нарушением."
192;;Выполнение строительно-монтажных работ;Устройство надземной части;Утепление;facade_roof_masonry;Фасад, кровля и наружная кладка;matched;high;;;башенный кран, автокран, кран-манипулятор, грузовик;no;30;"ГЭСН 08; 12; 15; 26";fsnb2022, tsn_moscow;exact:утепление;точное название укрупнённого этапа;"Подача материалов видима эпизодически; отсутствие крана не считается нарушением."
193;;Выполнение строительно-монтажных работ;Устройство надземной части;Разуклонка ЦПР;facade_roof_masonry;Фасад, кровля и наружная кладка;matched;medium;;;башенный кран, автокран, кран-манипулятор, грузовик;no;30;"ГЭСН 08; 12; 15; 26";fsnb2022, tsn_moscow;facade-roof-masonry;фасад/кровля/кладка;"Подача материалов видима эпизодически; отсутствие крана не считается нарушением."
194;;Выполнение строительно-монтажных работ;Устройство надземной части;Гидроизоляция 3 слоя;no_camera_equipment;Работа без контролируемой тяжёлой техники;matched;high;;;;no;30;;fsnb2022;title:no-camera;этап не даёт устойчивого сигнала тяжёлой техники по внешней камере;Отделка, внутренние сети, IT, закупка и ручные операции не дают надёжного сигнала по внешней камере.
195;;Выполнение строительно-монтажных работ;Устройство надземной части;Покрытие козырьков;facade_roof_masonry;Фасад, кровля и наружная кладка;matched;medium;;;башенный кран, автокран, кран-манипулятор, грузовик;no;30;"ГЭСН 08; 12; 15; 26";fsnb2022, tsn_moscow;facade-roof-masonry;фасад/кровля/кладка;"Подача материалов видима эпизодически; отсутствие крана не считается нарушением."
196;;Выполнение строительно-монтажных работ;Устройство надземной части;Водосток с основной кровли, с кровли крылец;facade_roof_masonry;Фасад, кровля и наружная кладка;matched;medium;;;башенный кран, автокран, кран-манипулятор, грузовик;no;30;"ГЭСН 08; 12; 15; 26";fsnb2022, tsn_moscow;facade-roof-masonry;фасад/кровля/кладка;"Подача материалов видима эпизодически; отсутствие крана не считается нарушением."
197;;Выполнение строительно-монтажных работ;Устройство надземной части;Устройство кровли. Тип 1;facade_roof_masonry;Фасад, кровля и наружная кладка;matched;medium;;;башенный кран, автокран, кран-манипулятор, грузовик;no;30;"ГЭСН 08; 12; 15; 26";fsnb2022, tsn_moscow;facade-roof-masonry;фасад/кровля/кладка;"Подача материалов видима эпизодически; отсутствие крана не считается нарушением."
198;;Выполнение строительно-монтажных работ;Устройство надземной части;Устройство кровли. Тип 2;facade_roof_masonry;Фасад, кровля и наружная кладка;matched;medium;;;башенный кран, автокран, кран-манипулятор, грузовик;no;30;"ГЭСН 08; 12; 15; 26";fsnb2022, tsn_moscow;facade-roof-masonry;фасад/кровля/кладка;"Подача материалов видима эпизодически; отсутствие крана не считается нарушением."
199;;Выполнение строительно-монтажных работ;Устройство надземной части;Устройство кровли. Тип 3;facade_roof_masonry;Фасад, кровля и наружная кладка;matched;medium;;;башенный кран, автокран, кран-манипулятор, грузовик;no;30;"ГЭСН 08; 12; 15; 26";fsnb2022, tsn_moscow;facade-roof-masonry;фасад/кровля/кладка;"Подача материалов видима эпизодически; отсутствие крана не считается нарушением."
200;;Выполнение строительно-монтажных работ;Устройство надземной части;Устройство кровли. Тип 4;facade_roof_masonry;Фасад, кровля и наружная кладка;matched;medium;;;башенный кран, автокран, кран-манипулятор, грузовик;no;30;"ГЭСН 08; 12; 15; 26";fsnb2022, tsn_moscow;facade-roof-masonry;фасад/кровля/кладка;"Подача материалов видима эпизодически; отсутствие крана не считается нарушением."
201;;Выполнение строительно-монтажных работ;Устройство надземной части;Устройство кровли. Тип 5;facade_roof_masonry;Фасад, кровля и наружная кладка;matched;medium;;;башенный кран, автокран, кран-манипулятор, грузовик;no;30;"ГЭСН 08; 12; 15; 26";fsnb2022, tsn_moscow;facade-roof-masonry;фасад/кровля/кладка;"Подача материалов видима эпизодически; отсутствие крана не считается нарушением."
202;;Выполнение строительно-монтажных работ;Устройство надземной части;Устройство кровли. Тип 6;facade_roof_masonry;Фасад, кровля и наружная кладка;matched;medium;;;башенный кран, автокран, кран-манипулятор, грузовик;no;30;"ГЭСН 08; 12; 15; 26";fsnb2022, tsn_moscow;facade-roof-masonry;фасад/кровля/кладка;"Подача материалов видима эпизодически; отсутствие крана не считается нарушением."
203;;Выполнение строительно-монтажных работ;Устройство надземной части;Устройство кровли. Тип 7;facade_roof_masonry;Фасад, кровля и наружная кладка;matched;medium;;;башенный кран, автокран, кран-манипулятор, грузовик;no;30;"ГЭСН 08; 12; 15; 26";fsnb2022, tsn_moscow;facade-roof-masonry;фасад/кровля/кладка;"Подача материалов видима эпизодически; отсутствие крана не считается нарушением."
204;;Выполнение строительно-монтажных работ;Устройство надземной части;Устройство кровли. Тип 8;facade_roof_masonry;Фасад, кровля и наружная кладка;matched;medium;;;башенный кран, автокран, кран-манипулятор, грузовик;no;30;"ГЭСН 08; 12; 15; 26";fsnb2022, tsn_moscow;facade-roof-masonry;фасад/кровля/кладка;"Подача материалов видима эпизодически; отсутствие крана не считается нарушением."
205;;Выполнение строительно-монтажных работ;Устройство надземной части;Козырьки из светопрозрачных металлических конструкций;facade_roof_masonry;Фасад, кровля и наружная кладка;matched;medium;;;башенный кран, автокран, кран-манипулятор, грузовик;no;30;"ГЭСН 08; 12; 15; 26";fsnb2022, tsn_moscow;facade-roof-masonry;фасад/кровля/кладка;"Подача материалов видима эпизодически; отсутствие крана не считается нарушением."
206;;Выполнение строительно-монтажных работ;Устройство надземной части;Дополнительные элементы и надстройки кровли;facade_roof_masonry;Фасад, кровля и наружная кладка;matched;medium;;;башенный кран, автокран, кран-манипулятор, грузовик;no;30;"ГЭСН 08; 12; 15; 26";fsnb2022, tsn_moscow;facade-roof-masonry;фасад/кровля/кладка;"Подача материалов видима эпизодически; отсутствие крана не считается нарушением."
207;;Выполнение строительно-монтажных работ;Устройство надземной части;Парапеты вентшахты;facade_roof_masonry;Фасад, кровля и наружная кладка;matched;medium;;;башенный кран, автокран, кран-манипулятор, грузовик;no;30;"ГЭСН 08; 12; 15; 26";fsnb2022, tsn_moscow;facade-roof-masonry;фасад/кровля/кладка;"Подача материалов видима эпизодически; отсутствие крана не считается нарушением."
208;;Выполнение строительно-монтажных работ;Устройство надземной части;Устройство кровли по железобетонному покрытию (Тип кровли 1);concrete;Монолитные бетонные и железобетонные работы;matched;high;;бетононасос ИЛИ бетоносмеситель ИЛИ башенный кран ИЛИ автокран;грузовик;yes;60;"ГЭСН 06-01-003; 06-22-004";gesn06, fsnb2022, tsn_moscow;concrete;"бетонные/железобетонные конструкции; также найдены признаки: facade-roof-masonry";"Подача смеси выполняется насосом или краном; автобетоносмеситель учитывается как наблюдаемая доставка."
209;;Выполнение строительно-монтажных работ;Устройство надземной части;Устройство кровли по покрытию из стального профлиста (Тип кровли 2);facade_roof_masonry;Фасад, кровля и наружная кладка;matched;medium;;;башенный кран, автокран, кран-манипулятор, грузовик;no;30;"ГЭСН 08; 12; 15; 26";fsnb2022, tsn_moscow;facade-roof-masonry;фасад/кровля/кладка;"Подача материалов видима эпизодически; отсутствие крана не считается нарушением."
210;;Выполнение строительно-монтажных работ;Устройство надземной части;Установка аэраторов;facade_roof_masonry;Фасад, кровля и наружная кладка;matched;medium;;;башенный кран, автокран, кран-манипулятор, грузовик;no;30;"ГЭСН 08; 12; 15; 26";fsnb2022, tsn_moscow;facade-roof-masonry;фасад/кровля/кладка;"Подача материалов видима эпизодически; отсутствие крана не считается нарушением."
211;;Выполнение строительно-монтажных работ;Устройство надземной части;Устройство парапетной крышки, крышки фахверка, отделка фахверков парапета;no_camera_equipment;Работа без контролируемой тяжёлой техники;matched;high;;;;no;30;;fsnb2022;title:no-camera;этап не даёт устойчивого сигнала тяжёлой техники по внешней камере;Отделка, внутренние сети, IT, закупка и ручные операции не дают надёжного сигнала по внешней камере.
212;;Выполнение строительно-монтажных работ;Устройство надземной части;Устройство эксплуатируемой дорожки;facade_roof_masonry;Фасад, кровля и наружная кладка;matched;high;;;башенный кран, автокран, кран-манипулятор, грузовик;no;30;"ГЭСН 08; 12; 15; 26";fsnb2022, tsn_moscow;exact:устройство эксплуатируемой дорожки;точное название укрупнённого этапа;"Подача материалов видима эпизодически; отсутствие крана не считается нарушением."
213;;Выполнение строительно-монтажных работ;Устройство надземной части;Устройство примыканий в парапету, воронкам;facade_roof_masonry;Фасад, кровля и наружная кладка;matched;medium;;;башенный кран, автокран, кран-манипулятор, грузовик;no;30;"ГЭСН 08; 12; 15; 26";fsnb2022, tsn_moscow;facade-roof-masonry;фасад/кровля/кладка;"Подача материалов видима эпизодически; отсутствие крана не считается нарушением."
214;;Выполнение строительно-монтажных работ;Устройство надземной части;Устройство проходок через кровлю;facade_roof_masonry;Фасад, кровля и наружная кладка;matched;medium;;;башенный кран, автокран, кран-манипулятор, грузовик;no;30;"ГЭСН 08; 12; 15; 26";fsnb2022, tsn_moscow;facade-roof-masonry;фасад/кровля/кладка;"Подача материалов видима эпизодически; отсутствие крана не считается нарушением."
215;;Выполнение строительно-монтажных работ;Устройство надземной части;Устройство шумозащитного экрана;delivery_install;Доставка и эпизодический монтаж;matched;high;;;грузовик, кран-манипулятор, автокран;no;30;;fsnb2022;exact:устройство шумозащитного экрана;точное название укрупнённого этапа;Используется для оборудования, ограждений, освещения и прочих поставочных операций.
216;12.4.32;Выполнение строительно-монтажных работ;Устройство надземной части;Устройство конструкций кровли;structure_lift;Монтаж сборных, металлических и крупногабаритных конструкций;matched;high;;башенный кран ИЛИ автокран ИЛИ кран-манипулятор;грузовик;yes;60;"ГЭСН 07-05-004; ГЭСН 09";gesn07, fsnb2022, tsn_moscow;structure-lift;"монтаж крупногабаритных конструкций; также найдены признаки: facade-roof-masonry";Нужна хотя бы одна грузоподъёмная машина в пределах окна наблюдения.
217;12.4.33;Выполнение строительно-монтажных работ;Устройство надземной части;Установка ворот;delivery_install;Доставка и эпизодический монтаж;matched;medium;;;грузовик, кран-манипулятор, автокран;no;30;;fsnb2022;delivery-install;доставка или эпизодический монтаж;Используется для оборудования, ограждений, освещения и прочих поставочных операций.
218;12.4.34;Выполнение строительно-монтажных работ;Устройство надземной части;Установка дверей деревянных;no_camera_equipment;Работа без контролируемой тяжёлой техники;matched;high;;;;no;30;;fsnb2022;title:no-camera;этап не даёт устойчивого сигнала тяжёлой техники по внешней камере;Отделка, внутренние сети, IT, закупка и ручные операции не дают надёжного сигнала по внешней камере.
219;12.4.35;Выполнение строительно-монтажных работ;Устройство надземной части;Установка внутренних металлических дверей;no_camera_equipment;Работа без контролируемой тяжёлой техники;matched;high;;;;no;30;;fsnb2022;title:no-camera;этап не даёт устойчивого сигнала тяжёлой техники по внешней камере;Отделка, внутренние сети, IT, закупка и ручные операции не дают надёжного сигнала по внешней камере.
220;12.4.36;Выполнение строительно-монтажных работ;Устройство надземной части;Установка наружных дверей;no_camera_equipment;Работа без контролируемой тяжёлой техники;matched;high;;;;no;30;;fsnb2022;title:no-camera;этап не даёт устойчивого сигнала тяжёлой техники по внешней камере;Отделка, внутренние сети, IT, закупка и ручные операции не дают надёжного сигнала по внешней камере.
221;12.4.37;Выполнение строительно-монтажных работ;Устройство надземной части;Монтаж алюминиевых витражей (шторы противопожарные, алюминиевые витражи);facade_roof_masonry;Фасад, кровля и наружная кладка;matched;medium;;;башенный кран, автокран, кран-манипулятор, грузовик;no;30;"ГЭСН 08; 12; 15; 26";fsnb2022, tsn_moscow;facade-roof-masonry;фасад/кровля/кладка;"Подача материалов видима эпизодически; отсутствие крана не считается нарушением."
222;12.4.38;Выполнение строительно-монтажных работ;Устройство надземной части;Установка оконных блоков ПВХ;no_camera_equipment;Работа без контролируемой тяжёлой техники;matched;high;;;;no;30;;fsnb2022;title:no-camera;этап не даёт устойчивого сигнала тяжёлой техники по внешней камере;Отделка, внутренние сети, IT, закупка и ручные операции не дают надёжного сигнала по внешней камере.
223;12.4.39;Выполнение строительно-монтажных работ;Устройство надземной части;Установка алюминиевых подоконников;no_camera_equipment;Работа без контролируемой тяжёлой техники;matched;high;;;;no;30;;fsnb2022;title:no-camera;этап не даёт устойчивого сигнала тяжёлой техники по внешней камере;Отделка, внутренние сети, IT, закупка и ручные операции не дают надёжного сигнала по внешней камере.
224;12.4.40;Выполнение строительно-монтажных работ;Устройство надземной части;Установка подоконников ГКЛВ с отделкой;no_camera_equipment;Работа без контролируемой тяжёлой техники;matched;high;;;;no;30;;fsnb2022;title:no-camera;этап не даёт устойчивого сигнала тяжёлой техники по внешней камере;Отделка, внутренние сети, IT, закупка и ручные операции не дают надёжного сигнала по внешней камере.
225;12.4.41;Выполнение строительно-монтажных работ;Устройство надземной части;Устройство теплоизоляции стен, в т.ч. укрытие плит утеплителя ветровлагозащитной пленкой (при необходимости);facade_roof_masonry;Фасад, кровля и наружная кладка;matched;medium;;;башенный кран, автокран, кран-манипулятор, грузовик;no;30;"ГЭСН 08; 12; 15; 26";fsnb2022, tsn_moscow;facade-roof-masonry;фасад/кровля/кладка;"Подача материалов видима эпизодически; отсутствие крана не считается нарушением."
226;12.4.42;Выполнение строительно-монтажных работ;Устройство надземной части;Устройство вентилируемого навесного фасада из керамогранита;facade_roof_masonry;Фасад, кровля и наружная кладка;matched;medium;;;башенный кран, автокран, кран-манипулятор, грузовик;no;30;"ГЭСН 08; 12; 15; 26";fsnb2022, tsn_moscow;facade-roof-masonry;фасад/кровля/кладка;"Подача материалов видима эпизодически; отсутствие крана не считается нарушением."
227;12.4.43;Выполнение строительно-монтажных работ;Устройство надземной части;Облицовка цоколя крупноформатными панелями из керамогранита на растворе;facade_roof_masonry;Фасад, кровля и наружная кладка;matched;medium;;;башенный кран, автокран, кран-манипулятор, грузовик;no;30;"ГЭСН 08; 12; 15; 26";fsnb2022, tsn_moscow;facade-roof-masonry;фасад/кровля/кладка;"Подача материалов видима эпизодически; отсутствие крана не считается нарушением."
228;12.4.44;Выполнение строительно-монтажных работ;Устройство надземной части;Облицовка крылец и наружных лестниц нескользящей бетонной плитки с гранитной крошкой на клее;facade_roof_masonry;Фасад, кровля и наружная кладка;matched;medium;;;башенный кран, автокран, кран-манипулятор, грузовик;no;30;"ГЭСН 08; 12; 15; 26";fsnb2022, tsn_moscow;facade-roof-masonry;фасад/кровля/кладка;"Подача материалов видима эпизодически; отсутствие крана не считается нарушением."
229;12.4.45;Выполнение строительно-монтажных работ;Устройство надземной части;Устройство откосов и сливов из оцинкованной стали с полимерным покрытием;facade_roof_masonry;Фасад, кровля и наружная кладка;matched;medium;;;башенный кран, автокран, кран-манипулятор, грузовик;no;30;"ГЭСН 08; 12; 15; 26";fsnb2022, tsn_moscow;facade-roof-masonry;фасад/кровля/кладка;"Подача материалов видима эпизодически; отсутствие крана не считается нарушением."
230;12.4.46;Выполнение строительно-монтажных работ;Устройство надземной части;Навесной вентилируемый фасад из стеклофибробетона со вставками из стемалита;facade_roof_masonry;Фасад, кровля и наружная кладка;matched;medium;;;башенный кран, автокран, кран-манипулятор, грузовик;no;30;"ГЭСН 08; 12; 15; 26";fsnb2022, tsn_moscow;facade-roof-masonry;фасад/кровля/кладка;"Подача материалов видима эпизодически; отсутствие крана не считается нарушением."
231;12.4.47;Выполнение строительно-монтажных работ;Устройство надземной части;Облицовка цоколя гранитной плиткой на подсистеме вентилируемого фасада;facade_roof_masonry;Фасад, кровля и наружная кладка;matched;medium;;;башенный кран, автокран, кран-манипулятор, грузовик;no;30;"ГЭСН 08; 12; 15; 26";fsnb2022, tsn_moscow;facade-roof-masonry;фасад/кровля/кладка;"Подача материалов видима эпизодически; отсутствие крана не считается нарушением."
232;12.4.48;Выполнение строительно-монтажных работ;Устройство надземной части;Облицовка крылец и наружных лестниц гранитной плиткой на растворе;facade_roof_masonry;Фасад, кровля и наружная кладка;matched;medium;;;башенный кран, автокран, кран-манипулятор, грузовик;no;30;"ГЭСН 08; 12; 15; 26";fsnb2022, tsn_moscow;facade-roof-masonry;фасад/кровля/кладка;"Подача материалов видима эпизодически; отсутствие крана не считается нарушением."
233;12.4.49;Выполнение строительно-монтажных работ;Устройство надземной части;Металлические декоративные ламели;facade_roof_masonry;Фасад, кровля и наружная кладка;matched;medium;;;башенный кран, автокран, кран-манипулятор, грузовик;no;30;"ГЭСН 08; 12; 15; 26";fsnb2022, tsn_moscow;facade-roof-masonry;фасад/кровля/кладка;"Подача материалов видима эпизодически; отсутствие крана не считается нарушением."
234;12.4.50;Выполнение строительно-монтажных работ;Устройство надземной части;Облицовка керамогранитной плиткой внутренней поверхности приямков;facade_roof_masonry;Фасад, кровля и наружная кладка;matched;medium;;;башенный кран, автокран, кран-манипулятор, грузовик;no;30;"ГЭСН 08; 12; 15; 26";fsnb2022, tsn_moscow;facade-roof-masonry;фасад/кровля/кладка;"Подача материалов видима эпизодически; отсутствие крана не считается нарушением."
235;12.4.51;Выполнение строительно-монтажных работ;Устройство надземной части;Подшивка нависающих частей здания алюминиевой рейкой;facade_roof_masonry;Фасад, кровля и наружная кладка;matched;high;;;башенный кран, автокран, кран-манипулятор, грузовик;no;30;"ГЭСН 08; 12; 15; 26";fsnb2022, tsn_moscow;exact:подшивка нависающих частей здания алюминиевой рейкой;точное название укрупнённого этапа;"Подача материалов видима эпизодически; отсутствие крана не считается нарушением."
236;12.4.52;Выполнение строительно-монтажных работ;Устройство надземной части;Элементы фасада (логотипы, вывески, указатели, светильники, флагодержатели и пр.);facade_roof_masonry;Фасад, кровля и наружная кладка;matched;medium;;;башенный кран, автокран, кран-манипулятор, грузовик;no;30;"ГЭСН 08; 12; 15; 26";fsnb2022, tsn_moscow;facade-roof-masonry;фасад/кровля/кладка;"Подача материалов видима эпизодически; отсутствие крана не считается нарушением."
237;12.4.53;Выполнение строительно-монтажных работ;Устройство надземной части;Ограждения из нержавеющей стали;delivery_install;Доставка и эпизодический монтаж;matched;high;;;грузовик, кран-манипулятор, автокран;no;30;;fsnb2022;exact:ограждения из нержавеющей стали;точное название укрупнённого этапа;Используется для оборудования, ограждений, освещения и прочих поставочных операций.
238;12.4.54;Выполнение строительно-монтажных работ;Устройство надземной части;Теплоизоляция фасада;facade_roof_masonry;Фасад, кровля и наружная кладка;matched;medium;;;башенный кран, автокран, кран-манипулятор, грузовик;no;30;"ГЭСН 08; 12; 15; 26";fsnb2022, tsn_moscow;facade-roof-masonry;фасад/кровля/кладка;"Подача материалов видима эпизодически; отсутствие крана не считается нарушением."
239;12.4.55;Выполнение строительно-монтажных работ;Устройство надземной части;Устройство гидроизоляции цоколя;no_camera_equipment;Работа без контролируемой тяжёлой техники;matched;high;;;;no;30;;fsnb2022;title:no-camera;этап не даёт устойчивого сигнала тяжёлой техники по внешней камере;Отделка, внутренние сети, IT, закупка и ручные операции не дают надёжного сигнала по внешней камере.
240;12.4.56;Выполнение строительно-монтажных работ;Устройство надземной части;Установка перфорированной фасадной кассеты;facade_roof_masonry;Фасад, кровля и наружная кладка;matched;medium;;;башенный кран, автокран, кран-манипулятор, грузовик;no;30;"ГЭСН 08; 12; 15; 26";fsnb2022, tsn_moscow;facade-roof-masonry;фасад/кровля/кладка;"Подача материалов видима эпизодически; отсутствие крана не считается нарушением."
241;12.4.57;Выполнение строительно-монтажных работ;Устройство надземной части;Монтаж козырьков;facade_roof_masonry;Фасад, кровля и наружная кладка;matched;medium;;;башенный кран, автокран, кран-манипулятор, грузовик;no;30;"ГЭСН 08; 12; 15; 26";fsnb2022, tsn_moscow;facade-roof-masonry;фасад/кровля/кладка;"Подача материалов видима эпизодически; отсутствие крана не считается нарушением."
242;12.5;Выполнение строительно-монтажных работ;Устройство инженерных систем;Устройство инженерных систем;mixed_utilities;Укрупнённый заголовок инженерных систем;matched;high;;;экскаватор, самосвал, погрузчик, грузовик, автокран, кран-манипулятор;no;30;;fsnb2022, tsn_moscow;exact:устройство инженерных систем;точное название укрупнённого этапа;Наружные и внутренние сети разделяются на дочерних строках.
243;12.5.1;Выполнение строительно-монтажных работ;Устройство инженерных систем;Устройство наружных сетей;network_trench;Наружные сети и траншейные работы;matched;high;экскаватор;;самосвал, погрузчик, грузовик, автокран, кран-манипулятор;yes;30;"ГЭСН 01; 22; 23; 24; 33; 34";fsnb2022, tsn_moscow;exact:устройство наружных сетей;точное название укрупнённого этапа;"Контроль применяется к наружной трассе/траншее; внутренние сети вынесены в отдельный профиль."
244;;Выполнение строительно-монтажных работ;Устройство инженерных систем;Теплосеть;network_trench;Наружные сети и траншейные работы;matched;medium;экскаватор;;самосвал, погрузчик, грузовик, автокран, кран-манипулятор;yes;30;"ГЭСН 01; 22; 23; 24; 33; 34";fsnb2022, tsn_moscow;title:network-short;короткое название инженерной сети;"Контроль применяется к наружной трассе/траншее; внутренние сети вынесены в отдельный профиль."
245;;Выполнение строительно-монтажных работ;Устройство инженерных систем;Водоснабжение;network_trench;Наружные сети и траншейные работы;matched;medium;экскаватор;;самосвал, погрузчик, грузовик, автокран, кран-манипулятор;yes;30;"ГЭСН 01; 22; 23; 24; 33; 34";fsnb2022, tsn_moscow;title:network-short;короткое название инженерной сети;"Контроль применяется к наружной трассе/траншее; внутренние сети вынесены в отдельный профиль."
246;;Выполнение строительно-монтажных работ;Устройство инженерных систем;Х/Б канализация;network_trench;Наружные сети и траншейные работы;matched;medium;экскаватор;;самосвал, погрузчик, грузовик, автокран, кран-манипулятор;yes;30;"ГЭСН 01; 22; 23; 24; 33; 34";fsnb2022, tsn_moscow;title:network-short;короткое название инженерной сети;"Контроль применяется к наружной трассе/траншее; внутренние сети вынесены в отдельный профиль."
247;;Выполнение строительно-монтажных работ;Устройство инженерных систем;Ливневая канализация;network_trench;Наружные сети и траншейные работы;matched;medium;экскаватор;;самосвал, погрузчик, грузовик, автокран, кран-манипулятор;yes;30;"ГЭСН 01; 22; 23; 24; 33; 34";fsnb2022, tsn_moscow;title:network-short;короткое название инженерной сети;"Контроль применяется к наружной трассе/траншее; внутренние сети вынесены в отдельный профиль."
248;;Выполнение строительно-монтажных работ;Устройство инженерных систем;Электроснабжение;network_trench;Наружные сети и траншейные работы;matched;medium;экскаватор;;самосвал, погрузчик, грузовик, автокран, кран-манипулятор;yes;30;"ГЭСН 01; 22; 23; 24; 33; 34";fsnb2022, tsn_moscow;title:network-short;короткое название инженерной сети;"Контроль применяется к наружной трассе/траншее; внутренние сети вынесены в отдельный профиль."
249;;Выполнение строительно-монтажных работ;Устройство инженерных систем;Слаботочные сети;network_trench;Наружные сети и траншейные работы;matched;medium;экскаватор;;самосвал, погрузчик, грузовик, автокран, кран-манипулятор;yes;30;"ГЭСН 01; 22; 23; 24; 33; 34";fsnb2022, tsn_moscow;title:network-short;короткое название инженерной сети;"Контроль применяется к наружной трассе/траншее; внутренние сети вынесены в отдельный профиль."
250;;Выполнение строительно-монтажных работ;Устройство инженерных систем;Устройство трубной канализации;network_trench;Наружные сети и траншейные работы;matched;high;экскаватор;;самосвал, погрузчик, грузовик, автокран, кран-манипулятор;yes;30;"ГЭСН 01; 22; 23; 24; 33; 34";fsnb2022, tsn_moscow;network-explicit;наружная сеть/траншея;"Контроль применяется к наружной трассе/траншее; внутренние сети вынесены в отдельный профиль."
251;;Выполнение строительно-монтажных работ;Устройство инженерных систем;Прокладка кабеля;network_trench;Наружные сети и траншейные работы;matched;medium;экскаватор;;самосвал, погрузчик, грузовик, автокран, кран-манипулятор;yes;30;"ГЭСН 01; 22; 23; 24; 33; 34";fsnb2022, tsn_moscow;title:network-short;короткое название инженерной сети;"Контроль применяется к наружной трассе/траншее; внутренние сети вынесены в отдельный профиль."
252;;Выполнение строительно-монтажных работ;Устройство инженерных систем;Дизель-генераторная установка, в т.ч. фундамент под оборудование;concrete;Монолитные бетонные и железобетонные работы;matched;high;;бетононасос ИЛИ бетоносмеситель ИЛИ башенный кран ИЛИ автокран;грузовик;yes;60;"ГЭСН 06-01-003; 06-22-004";gesn06, fsnb2022, tsn_moscow;concrete;бетонные/железобетонные конструкции;"Подача смеси выполняется насосом или краном; автобетоносмеситель учитывается как наблюдаемая доставка."
253;;Выполнение строительно-монтажных работ;Устройство инженерных систем;Наружные сети связи;network_trench;Наружные сети и траншейные работы;matched;high;экскаватор;;самосвал, погрузчик, грузовик, автокран, кран-манипулятор;yes;30;"ГЭСН 01; 22; 23; 24; 33; 34";fsnb2022, tsn_moscow;network-explicit;наружная сеть/траншея;"Контроль применяется к наружной трассе/траншее; внутренние сети вынесены в отдельный профиль."
254;12.5.2;Выполнение строительно-монтажных работ;Устройство инженерных систем;Устройство внутренних сетей;no_camera_equipment;Работа без контролируемой тяжёлой техники;matched;high;;;;no;30;;fsnb2022;exact:устройство внутренних сетей;точное название укрупнённого этапа;Отделка, внутренние сети, IT, закупка и ручные операции не дают надёжного сигнала по внешней камере.
255;;Выполнение строительно-монтажных работ;Устройство инженерных систем;Вентиляция и кондиционирование;no_camera_equipment;Работа без контролируемой тяжёлой техники;matched;high;;;;no;30;;fsnb2022;title:no-camera;этап не даёт устойчивого сигнала тяжёлой техники по внешней камере;Отделка, внутренние сети, IT, закупка и ручные операции не дают надёжного сигнала по внешней камере.
256;;Выполнение строительно-монтажных работ;Устройство инженерных систем;Электрика;network_trench;Наружные сети и траншейные работы;matched;medium;экскаватор;;самосвал, погрузчик, грузовик, автокран, кран-манипулятор;yes;30;"ГЭСН 01; 22; 23; 24; 33; 34";fsnb2022, tsn_moscow;title:network-short;короткое название инженерной сети;"Контроль применяется к наружной трассе/траншее; внутренние сети вынесены в отдельный профиль."
257;;Выполнение строительно-монтажных работ;Устройство инженерных систем;Сантехника;network_trench;Наружные сети и траншейные работы;matched;medium;экскаватор;;самосвал, погрузчик, грузовик, автокран, кран-манипулятор;yes;30;"ГЭСН 01; 22; 23; 24; 33; 34";fsnb2022, tsn_moscow;title:network-short;короткое название инженерной сети;"Контроль применяется к наружной трассе/траншее; внутренние сети вынесены в отдельный профиль."
258;;Выполнение строительно-монтажных работ;Устройство инженерных систем;Сети связи;network_trench;Наружные сети и траншейные работы;matched;medium;экскаватор;;самосвал, погрузчик, грузовик, автокран, кран-манипулятор;yes;30;"ГЭСН 01; 22; 23; 24; 33; 34";fsnb2022, tsn_moscow;title:network-short;короткое название инженерной сети;"Контроль применяется к наружной трассе/траншее; внутренние сети вынесены в отдельный профиль."
259;;Выполнение строительно-монтажных работ;Устройство инженерных систем;Сети водоснабжения;network_trench;Наружные сети и траншейные работы;matched;medium;экскаватор;;самосвал, погрузчик, грузовик, автокран, кран-манипулятор;yes;30;"ГЭСН 01; 22; 23; 24; 33; 34";fsnb2022, tsn_moscow;title:network-short;короткое название инженерной сети;"Контроль применяется к наружной трассе/траншее; внутренние сети вынесены в отдельный профиль."
260;;Выполнение строительно-монтажных работ;Устройство инженерных систем;Сети канализации;network_trench;Наружные сети и траншейные работы;matched;medium;экскаватор;;самосвал, погрузчик, грузовик, автокран, кран-манипулятор;yes;30;"ГЭСН 01; 22; 23; 24; 33; 34";fsnb2022, tsn_moscow;title:network-short;короткое название инженерной сети;"Контроль применяется к наружной трассе/траншее; внутренние сети вынесены в отдельный профиль."
261;;Выполнение строительно-монтажных работ;Устройство инженерных систем;Система отопления;no_camera_equipment;Работа без контролируемой тяжёлой техники;matched;high;;;;no;30;;fsnb2022;title:no-camera;этап не даёт устойчивого сигнала тяжёлой техники по внешней камере;Отделка, внутренние сети, IT, закупка и ручные операции не дают надёжного сигнала по внешней камере.
262;;Выполнение строительно-монтажных работ;Устройство инженерных систем;Ливневая канализация;network_trench;Наружные сети и траншейные работы;matched;medium;экскаватор;;самосвал, погрузчик, грузовик, автокран, кран-манипулятор;yes;30;"ГЭСН 01; 22; 23; 24; 33; 34";fsnb2022, tsn_moscow;title:network-short;короткое название инженерной сети;"Контроль применяется к наружной трассе/траншее; внутренние сети вынесены в отдельный профиль."
263;;Выполнение строительно-монтажных работ;Устройство инженерных систем;Разработка грунта с креплением;network_trench;Наружные сети и траншейные работы;matched;high;экскаватор;;самосвал, погрузчик, грузовик, автокран, кран-манипулятор;yes;30;"ГЭСН 01; 22; 23; 24; 33; 34";fsnb2022, tsn_moscow;network-explicit;"наружная сеть/траншея; также найдены признаки: excavation";"Контроль применяется к наружной трассе/траншее; внутренние сети вынесены в отдельный профиль."
264;;Выполнение строительно-монтажных работ;Устройство инженерных систем;Устройство колодцев;network_trench;Наружные сети и траншейные работы;matched;high;экскаватор;;самосвал, погрузчик, грузовик, автокран, кран-манипулятор;yes;30;"ГЭСН 01; 22; 23; 24; 33; 34";fsnb2022, tsn_moscow;network-explicit;наружная сеть/траншея;"Контроль применяется к наружной трассе/траншее; внутренние сети вынесены в отдельный профиль."
265;;Выполнение строительно-монтажных работ;Устройство инженерных систем;Прокладка труб;network_trench;Наружные сети и траншейные работы;matched;high;экскаватор;;самосвал, погрузчик, грузовик, автокран, кран-манипулятор;yes;30;"ГЭСН 01; 22; 23; 24; 33; 34";fsnb2022, tsn_moscow;network-explicit;наружная сеть/траншея;"Контроль применяется к наружной трассе/траншее; внутренние сети вынесены в отдельный профиль."
266;;Выполнение строительно-монтажных работ;Устройство инженерных систем;Индивидуальный тепловой пункт (ИТП);no_camera_equipment;Работа без контролируемой тяжёлой техники;matched;high;;;;no;30;;fsnb2022;title:no-camera;этап не даёт устойчивого сигнала тяжёлой техники по внешней камере;Отделка, внутренние сети, IT, закупка и ручные операции не дают надёжного сигнала по внешней камере.
267;;Выполнение строительно-монтажных работ;Устройство инженерных систем;Охранно-защитная дератизационная система (ОЗДС);no_camera_equipment;Работа без контролируемой тяжёлой техники;matched;high;;;;no;30;;fsnb2022;title:no-camera;этап не даёт устойчивого сигнала тяжёлой техники по внешней камере;Отделка, внутренние сети, IT, закупка и ручные операции не дают надёжного сигнала по внешней камере.
268;;Выполнение строительно-монтажных работ;Устройство инженерных систем;Система автоматизации теплового пункта (АТМ ИТП);no_camera_equipment;Работа без контролируемой тяжёлой техники;matched;high;;;;no;30;;fsnb2022;title:no-camera;этап не даёт устойчивого сигнала тяжёлой техники по внешней камере;Отделка, внутренние сети, IT, закупка и ручные операции не дают надёжного сигнала по внешней камере.
269;;Выполнение строительно-монтажных работ;Устройство инженерных систем;Силовое электрооборудование и электроосвещение теплового пункта (ЭОМ ИТП);no_camera_equipment;Работа без контролируемой тяжёлой техники;matched;high;;;;no;30;;fsnb2022;title:no-camera;этап не даёт устойчивого сигнала тяжёлой техники по внешней камере;Отделка, внутренние сети, IT, закупка и ручные операции не дают надёжного сигнала по внешней камере.
270;;Выполнение строительно-монтажных работ;Устройство инженерных систем;Система радиофикации (РФ);no_camera_equipment;Работа без контролируемой тяжёлой техники;matched;high;;;;no;30;;fsnb2022;title:no-camera;этап не даёт устойчивого сигнала тяжёлой техники по внешней камере;Отделка, внутренние сети, IT, закупка и ручные операции не дают надёжного сигнала по внешней камере.
271;;Выполнение строительно-монтажных работ;Устройство инженерных систем;Система электрочасофикации (ЭЧ);no_camera_equipment;Работа без контролируемой тяжёлой техники;matched;high;;;;no;30;;fsnb2022;title:no-camera;этап не даёт устойчивого сигнала тяжёлой техники по внешней камере;Отделка, внутренние сети, IT, закупка и ручные операции не дают надёжного сигнала по внешней камере.
272;;Выполнение строительно-монтажных работ;Устройство инженерных систем;Обеспечение доступа инвалидам (ОДИ);no_camera_equipment;Работа без контролируемой тяжёлой техники;matched;high;;;;no;30;;fsnb2022;title:no-camera;этап не даёт устойчивого сигнала тяжёлой техники по внешней камере;Отделка, внутренние сети, IT, закупка и ручные операции не дают надёжного сигнала по внешней камере.
273;;Выполнение строительно-монтажных работ;Устройство инженерных систем;Система вызова для МГН (СВМГН);no_camera_equipment;Работа без контролируемой тяжёлой техники;matched;high;;;;no;30;;fsnb2022;title:no-camera;этап не даёт устойчивого сигнала тяжёлой техники по внешней камере;Отделка, внутренние сети, IT, закупка и ручные операции не дают надёжного сигнала по внешней камере.
274;;Выполнение строительно-монтажных работ;Устройство инженерных систем;Система телефонизации, телевидения, доступа к сети передачи данных, домофонии, внутренних сетей (СС);no_camera_equipment;Работа без контролируемой тяжёлой техники;matched;high;;;;no;30;;fsnb2022;title:no-camera;этап не даёт устойчивого сигнала тяжёлой техники по внешней камере;Отделка, внутренние сети, IT, закупка и ручные операции не дают надёжного сигнала по внешней камере.
275;;Выполнение строительно-монтажных работ;Устройство инженерных систем;Система охранной сигнализации (ОС);no_camera_equipment;Работа без контролируемой тяжёлой техники;matched;high;;;;no;30;;fsnb2022;title:no-camera;этап не даёт устойчивого сигнала тяжёлой техники по внешней камере;Отделка, внутренние сети, IT, закупка и ручные операции не дают надёжного сигнала по внешней камере.
276;;Выполнение строительно-монтажных работ;Устройство инженерных систем;Система охранного телевидения (СОТ);no_camera_equipment;Работа без контролируемой тяжёлой техники;matched;high;;;;no;30;;fsnb2022;title:no-camera;этап не даёт устойчивого сигнала тяжёлой техники по внешней камере;Отделка, внутренние сети, IT, закупка и ручные операции не дают надёжного сигнала по внешней камере.
277;;Выполнение строительно-монтажных работ;Устройство инженерных систем;Система контроля управления доступом (СКУД);no_camera_equipment;Работа без контролируемой тяжёлой техники;matched;high;;;;no;30;;fsnb2022;title:no-camera;этап не даёт устойчивого сигнала тяжёлой техники по внешней камере;Отделка, внутренние сети, IT, закупка и ручные операции не дают надёжного сигнала по внешней камере.
278;;Выполнение строительно-монтажных работ;Устройство инженерных систем;Система автоматической установки пожарная сигнализация (АПС);no_camera_equipment;Работа без контролируемой тяжёлой техники;matched;high;;;;no;30;;fsnb2022;title:no-camera;этап не даёт устойчивого сигнала тяжёлой техники по внешней камере;Отделка, внутренние сети, IT, закупка и ручные операции не дают надёжного сигнала по внешней камере.
279;;Выполнение строительно-монтажных работ;Устройство инженерных систем;Система оповещения и управления эвакуацией (СОУЭ);no_camera_equipment;Работа без контролируемой тяжёлой техники;matched;high;;;;no;30;;fsnb2022;title:no-camera;этап не даёт устойчивого сигнала тяжёлой техники по внешней камере;Отделка, внутренние сети, IT, закупка и ручные операции не дают надёжного сигнала по внешней камере.
280;;Выполнение строительно-монтажных работ;Устройство инженерных систем;Система автоматики противопожарной защиты (АППЗ);no_camera_equipment;Работа без контролируемой тяжёлой техники;matched;high;;;;no;30;;fsnb2022;title:no-camera;этап не даёт устойчивого сигнала тяжёлой техники по внешней камере;Отделка, внутренние сети, IT, закупка и ручные операции не дают надёжного сигнала по внешней камере.
281;;Выполнение строительно-монтажных работ;Устройство инженерных систем;Автоматизация инженерных систем;no_camera_equipment;Работа без контролируемой тяжёлой техники;matched;high;;;;no;30;;fsnb2022;title:no-camera;этап не даёт устойчивого сигнала тяжёлой техники по внешней камере;Отделка, внутренние сети, IT, закупка и ручные операции не дают надёжного сигнала по внешней камере.
282;;Выполнение строительно-монтажных работ;Устройство инженерных систем;Монтаж автоматической установки газового пожаротушения (АУГП);no_camera_equipment;Работа без контролируемой тяжёлой техники;matched;high;;;;no;30;;fsnb2022;title:no-camera;этап не даёт устойчивого сигнала тяжёлой техники по внешней камере;Отделка, внутренние сети, IT, закупка и ручные операции не дают надёжного сигнала по внешней камере.
283;;Выполнение строительно-монтажных работ;Устройство инженерных систем;Автоматическая установка водяного пожаротушения;no_camera_equipment;Работа без контролируемой тяжёлой техники;matched;high;;;;no;30;;fsnb2022;title:no-camera;этап не даёт устойчивого сигнала тяжёлой техники по внешней камере;Отделка, внутренние сети, IT, закупка и ручные операции не дают надёжного сигнала по внешней камере.
284;12.6;Выполнение строительно-монтажных работ;Отделочные работы;Отделочные работы;no_camera_equipment;Работа без контролируемой тяжёлой техники;matched;high;;;;no;30;;fsnb2022;exact:отделочные работы;точное название укрупнённого этапа;Отделка, внутренние сети, IT, закупка и ручные операции не дают надёжного сигнала по внешней камере.
285;12.6.1;Выполнение строительно-монтажных работ;Отделочные работы;Внешняя отделка;no_camera_equipment;Работа без контролируемой тяжёлой техники;matched;high;;;;no;30;;fsnb2022;title:no-camera;этап не даёт устойчивого сигнала тяжёлой техники по внешней камере;Отделка, внутренние сети, IT, закупка и ручные операции не дают надёжного сигнала по внешней камере.
286;;Выполнение строительно-монтажных работ;Отделочные работы;Черновая отделка;no_camera_equipment;Работа без контролируемой тяжёлой техники;matched;high;;;;no;30;;fsnb2022;title:no-camera;этап не даёт устойчивого сигнала тяжёлой техники по внешней камере;Отделка, внутренние сети, IT, закупка и ручные операции не дают надёжного сигнала по внешней камере.
287;;Выполнение строительно-монтажных работ;Отделочные работы;Чистовая отделка;no_camera_equipment;Работа без контролируемой тяжёлой техники;matched;high;;;;no;30;;fsnb2022;title:no-camera;этап не даёт устойчивого сигнала тяжёлой техники по внешней камере;Отделка, внутренние сети, IT, закупка и ручные операции не дают надёжного сигнала по внешней камере.
288;12.6.2;Выполнение строительно-монтажных работ;Отделочные работы;Внутренняя отделка;no_camera_equipment;Работа без контролируемой тяжёлой техники;matched;high;;;;no;30;;fsnb2022;title:no-camera;этап не даёт устойчивого сигнала тяжёлой техники по внешней камере;Отделка, внутренние сети, IT, закупка и ручные операции не дают надёжного сигнала по внешней камере.
289;;Выполнение строительно-монтажных работ;Отделочные работы;Черновая отделка;no_camera_equipment;Работа без контролируемой тяжёлой техники;matched;high;;;;no;30;;fsnb2022;title:no-camera;этап не даёт устойчивого сигнала тяжёлой техники по внешней камере;Отделка, внутренние сети, IT, закупка и ручные операции не дают надёжного сигнала по внешней камере.
290;;Выполнение строительно-монтажных работ;Отделочные работы;Чистовая отделка;no_camera_equipment;Работа без контролируемой тяжёлой техники;matched;high;;;;no;30;;fsnb2022;title:no-camera;этап не даёт устойчивого сигнала тяжёлой техники по внешней камере;Отделка, внутренние сети, IT, закупка и ручные операции не дают надёжного сигнала по внешней камере.
291;12.6.3;Выполнение строительно-монтажных работ;Отделочные работы;Внутренняя отделка полов;no_camera_equipment;Работа без контролируемой тяжёлой техники;matched;high;;;;no;30;;fsnb2022;title:no-camera;этап не даёт устойчивого сигнала тяжёлой техники по внешней камере;Отделка, внутренние сети, IT, закупка и ручные операции не дают надёжного сигнала по внешней камере.
292;;Выполнение строительно-монтажных работ;Отделочные работы;Черновая отделка полов;no_camera_equipment;Работа без контролируемой тяжёлой техники;matched;high;;;;no;30;;fsnb2022;title:no-camera;этап не даёт устойчивого сигнала тяжёлой техники по внешней камере;Отделка, внутренние сети, IT, закупка и ручные операции не дают надёжного сигнала по внешней камере.
293;;Выполнение строительно-монтажных работ;Отделочные работы;Чистовая отделка полов;no_camera_equipment;Работа без контролируемой тяжёлой техники;matched;high;;;;no;30;;fsnb2022;title:no-camera;этап не даёт устойчивого сигнала тяжёлой техники по внешней камере;Отделка, внутренние сети, IT, закупка и ручные операции не дают надёжного сигнала по внешней камере.
294;12.6.4;Выполнение строительно-монтажных работ;Отделочные работы;Внутренняя отделка стен;no_camera_equipment;Работа без контролируемой тяжёлой техники;matched;high;;;;no;30;;fsnb2022;title:no-camera;этап не даёт устойчивого сигнала тяжёлой техники по внешней камере;Отделка, внутренние сети, IT, закупка и ручные операции не дают надёжного сигнала по внешней камере.
295;;Выполнение строительно-монтажных работ;Отделочные работы;Черновая отделка стен;no_camera_equipment;Работа без контролируемой тяжёлой техники;matched;high;;;;no;30;;fsnb2022;title:no-camera;этап не даёт устойчивого сигнала тяжёлой техники по внешней камере;Отделка, внутренние сети, IT, закупка и ручные операции не дают надёжного сигнала по внешней камере.
296;;Выполнение строительно-монтажных работ;Отделочные работы;Чистовая отделка стен;no_camera_equipment;Работа без контролируемой тяжёлой техники;matched;high;;;;no;30;;fsnb2022;title:no-camera;этап не даёт устойчивого сигнала тяжёлой техники по внешней камере;Отделка, внутренние сети, IT, закупка и ручные операции не дают надёжного сигнала по внешней камере.
297;12.6.5;Выполнение строительно-монтажных работ;Отделочные работы;Внутренняя отделка потолков;no_camera_equipment;Работа без контролируемой тяжёлой техники;matched;high;;;;no;30;;fsnb2022;title:no-camera;этап не даёт устойчивого сигнала тяжёлой техники по внешней камере;Отделка, внутренние сети, IT, закупка и ручные операции не дают надёжного сигнала по внешней камере.
298;;Выполнение строительно-монтажных работ;Отделочные работы;Черновая отделка потолков;no_camera_equipment;Работа без контролируемой тяжёлой техники;matched;high;;;;no;30;;fsnb2022;title:no-camera;этап не даёт устойчивого сигнала тяжёлой техники по внешней камере;Отделка, внутренние сети, IT, закупка и ручные операции не дают надёжного сигнала по внешней камере.
299;;Выполнение строительно-монтажных работ;Отделочные работы;Чистовая отделка потолков;no_camera_equipment;Работа без контролируемой тяжёлой техники;matched;high;;;;no;30;;fsnb2022;title:no-camera;этап не даёт устойчивого сигнала тяжёлой техники по внешней камере;Отделка, внутренние сети, IT, закупка и ручные операции не дают надёжного сигнала по внешней камере.
300;12.6.6;Выполнение строительно-монтажных работ;Отделочные работы;Внутренняя отделка дверей;no_camera_equipment;Работа без контролируемой тяжёлой техники;matched;high;;;;no;30;;fsnb2022;title:no-camera;этап не даёт устойчивого сигнала тяжёлой техники по внешней камере;Отделка, внутренние сети, IT, закупка и ручные операции не дают надёжного сигнала по внешней камере.
301;;Выполнение строительно-монтажных работ;Отделочные работы;Монтаж внутренних дверей;no_camera_equipment;Работа без контролируемой тяжёлой техники;matched;high;;;;no;30;;fsnb2022;title:no-camera;этап не даёт устойчивого сигнала тяжёлой техники по внешней камере;Отделка, внутренние сети, IT, закупка и ручные операции не дают надёжного сигнала по внешней камере.
302;;Выполнение строительно-монтажных работ;Отделочные работы;Монтаж наружных дверей и ворот;no_camera_equipment;Работа без контролируемой тяжёлой техники;matched;high;;;;no;30;;fsnb2022;title:no-camera;этап не даёт устойчивого сигнала тяжёлой техники по внешней камере;Отделка, внутренние сети, IT, закупка и ручные операции не дают надёжного сигнала по внешней камере.
303;;Выполнение строительно-монтажных работ;Отделочные работы;Двери автоматические раздвижные светопрозрачные;no_camera_equipment;Работа без контролируемой тяжёлой техники;matched;high;;;;no;30;;fsnb2022;title:no-camera;этап не даёт устойчивого сигнала тяжёлой техники по внешней камере;Отделка, внутренние сети, IT, закупка и ручные операции не дают надёжного сигнала по внешней камере.
304;;Выполнение строительно-монтажных работ;Отделочные работы;Двери алюминиевые наружные;no_camera_equipment;Работа без контролируемой тяжёлой техники;matched;high;;;;no;30;;fsnb2022;title:no-camera;этап не даёт устойчивого сигнала тяжёлой техники по внешней камере;Отделка, внутренние сети, IT, закупка и ручные операции не дают надёжного сигнала по внешней камере.
305;;Выполнение строительно-монтажных работ;Отделочные работы;Двери алюминиевые внутренние;no_camera_equipment;Работа без контролируемой тяжёлой техники;matched;high;;;;no;30;;fsnb2022;title:no-camera;этап не даёт устойчивого сигнала тяжёлой техники по внешней камере;Отделка, внутренние сети, IT, закупка и ручные операции не дают надёжного сигнала по внешней камере.
306;;Выполнение строительно-монтажных работ;Отделочные работы;Двери металлические наружные;no_camera_equipment;Работа без контролируемой тяжёлой техники;matched;high;;;;no;30;;fsnb2022;title:no-camera;этап не даёт устойчивого сигнала тяжёлой техники по внешней камере;Отделка, внутренние сети, IT, закупка и ручные операции не дают надёжного сигнала по внешней камере.
307;;Выполнение строительно-монтажных работ;Отделочные работы;Двери металлические взломостойкие с решеткой;no_camera_equipment;Работа без контролируемой тяжёлой техники;matched;high;;;;no;30;;fsnb2022;title:no-camera;этап не даёт устойчивого сигнала тяжёлой техники по внешней камере;Отделка, внутренние сети, IT, закупка и ручные операции не дают надёжного сигнала по внешней камере.
308;;Выполнение строительно-монтажных работ;Отделочные работы;Двери металлические рентгенозащитные;no_camera_equipment;Работа без контролируемой тяжёлой техники;matched;high;;;;no;30;;fsnb2022;title:no-camera;этап не даёт устойчивого сигнала тяжёлой техники по внешней камере;Отделка, внутренние сети, IT, закупка и ручные операции не дают надёжного сигнала по внешней камере.
309;;Выполнение строительно-монтажных работ;Отделочные работы;Двери глухие ПВХ;no_camera_equipment;Работа без контролируемой тяжёлой техники;matched;high;;;;no;30;;fsnb2022;title:no-camera;этап не даёт устойчивого сигнала тяжёлой техники по внешней камере;Отделка, внутренние сети, IT, закупка и ручные операции не дают надёжного сигнала по внешней камере.
310;;Выполнение строительно-монтажных работ;Отделочные работы;Двери комбинированные;no_camera_equipment;Работа без контролируемой тяжёлой техники;matched;high;;;;no;30;;fsnb2022;title:no-camera;этап не даёт устойчивого сигнала тяжёлой техники по внешней камере;Отделка, внутренние сети, IT, закупка и ручные операции не дают надёжного сигнала по внешней камере.
311;;Выполнение строительно-монтажных работ;Отделочные работы;Перегородки душевых кабинок из матового стекла;no_camera_equipment;Работа без контролируемой тяжёлой техники;matched;medium;;;;no;30;;fsnb2022;section:finishing;общая строка раздела отделочных работ;Отделка, внутренние сети, IT, закупка и ручные операции не дают надёжного сигнала по внешней камере.
312;;Выполнение строительно-монтажных работ;Отделочные работы;Сантехнические перегородки из HPL пластика;no_camera_equipment;Работа без контролируемой тяжёлой техники;matched;high;;;;no;30;;fsnb2022;title:no-camera;этап не даёт устойчивого сигнала тяжёлой техники по внешней камере;Отделка, внутренние сети, IT, закупка и ручные операции не дают надёжного сигнала по внешней камере.
313;;Выполнение строительно-монтажных работ;Отделочные работы;Трансформируемые перегородки;no_camera_equipment;Работа без контролируемой тяжёлой техники;matched;medium;;;;no;30;;fsnb2022;section:finishing;общая строка раздела отделочных работ;Отделка, внутренние сети, IT, закупка и ручные операции не дают надёжного сигнала по внешней камере.
314;;Выполнение строительно-монтажных работ;Отделочные работы;Люки;no_camera_equipment;Работа без контролируемой тяжёлой техники;matched;high;;;;no;30;;fsnb2022;title:no-camera;этап не даёт устойчивого сигнала тяжёлой техники по внешней камере;Отделка, внутренние сети, IT, закупка и ручные операции не дают надёжного сигнала по внешней камере.
315;;Выполнение строительно-монтажных работ;Отделочные работы;Люки герметические (кровля);no_camera_equipment;Работа без контролируемой тяжёлой техники;matched;high;;;;no;30;;fsnb2022;title:no-camera;этап не даёт устойчивого сигнала тяжёлой техники по внешней камере;Отделка, внутренние сети, IT, закупка и ручные операции не дают надёжного сигнала по внешней камере.
316;12.6.7;Выполнение строительно-монтажных работ;Отделочные работы;Внутренняя отделка (технические помещения);no_camera_equipment;Работа без контролируемой тяжёлой техники;matched;high;;;;no;30;;fsnb2022;title:no-camera;этап не даёт устойчивого сигнала тяжёлой техники по внешней камере;Отделка, внутренние сети, IT, закупка и ручные операции не дают надёжного сигнала по внешней камере.
317;;Выполнение строительно-монтажных работ;Отделочные работы;Черновая отделка;no_camera_equipment;Работа без контролируемой тяжёлой техники;matched;high;;;;no;30;;fsnb2022;title:no-camera;этап не даёт устойчивого сигнала тяжёлой техники по внешней камере;Отделка, внутренние сети, IT, закупка и ручные операции не дают надёжного сигнала по внешней камере.
318;;Выполнение строительно-монтажных работ;Отделочные работы;Чистовая отделка;no_camera_equipment;Работа без контролируемой тяжёлой техники;matched;high;;;;no;30;;fsnb2022;title:no-camera;этап не даёт устойчивого сигнала тяжёлой техники по внешней камере;Отделка, внутренние сети, IT, закупка и ручные операции не дают надёжного сигнала по внешней камере.
319;12.6.8;Выполнение строительно-монтажных работ;Отделочные работы;Внутренняя отделка (пассажирские зоны);no_camera_equipment;Работа без контролируемой тяжёлой техники;matched;high;;;;no;30;;fsnb2022;title:no-camera;этап не даёт устойчивого сигнала тяжёлой техники по внешней камере;Отделка, внутренние сети, IT, закупка и ручные операции не дают надёжного сигнала по внешней камере.
320;;Выполнение строительно-монтажных работ;Отделочные работы;Черновая отделка;no_camera_equipment;Работа без контролируемой тяжёлой техники;matched;high;;;;no;30;;fsnb2022;title:no-camera;этап не даёт устойчивого сигнала тяжёлой техники по внешней камере;Отделка, внутренние сети, IT, закупка и ручные операции не дают надёжного сигнала по внешней камере.
321;;Выполнение строительно-монтажных работ;Отделочные работы;Чистовая отделка;no_camera_equipment;Работа без контролируемой тяжёлой техники;matched;high;;;;no;30;;fsnb2022;title:no-camera;этап не даёт устойчивого сигнала тяжёлой техники по внешней камере;Отделка, внутренние сети, IT, закупка и ручные операции не дают надёжного сигнала по внешней камере.
322;12.6.9;Выполнение строительно-монтажных работ;Отделочные работы;Монтаж вертикального транспорта;delivery_install;Доставка и эпизодический монтаж;matched;medium;;;грузовик, кран-манипулятор, автокран;no;30;;fsnb2022;delivery-install;доставка или эпизодический монтаж;Используется для оборудования, ограждений, освещения и прочих поставочных операций.
323;12.6.10;Выполнение строительно-монтажных работ;Отделочные работы;Монтаж оборудования по ТХЗ;delivery_install;Доставка и эпизодический монтаж;matched;medium;;;грузовик, кран-манипулятор, автокран;no;30;;fsnb2022;delivery-install;доставка или эпизодический монтаж;Используется для оборудования, ограждений, освещения и прочих поставочных операций.
324;12.6.11;Выполнение строительно-монтажных работ;Отделочные работы;Монтаж мебели;no_camera_equipment;Работа без контролируемой тяжёлой техники;matched;high;;;;no;30;;fsnb2022;title:no-camera;этап не даёт устойчивого сигнала тяжёлой техники по внешней камере;Отделка, внутренние сети, IT, закупка и ручные операции не дают надёжного сигнала по внешней камере.
325;;Выполнение строительно-монтажных работ;Отделочные работы;Медицинская мебель (с учетом установки и распаковки) (не облагаемая НДС);no_camera_equipment;Работа без контролируемой тяжёлой техники;matched;high;;;;no;30;;fsnb2022;title:no-camera;этап не даёт устойчивого сигнала тяжёлой техники по внешней камере;Отделка, внутренние сети, IT, закупка и ручные операции не дают надёжного сигнала по внешней камере.
326;;Выполнение строительно-монтажных работ;Отделочные работы;Медицинская мебель (с учетом установки и распаковки);no_camera_equipment;Работа без контролируемой тяжёлой техники;matched;high;;;;no;30;;fsnb2022;title:no-camera;этап не даёт устойчивого сигнала тяжёлой техники по внешней камере;Отделка, внутренние сети, IT, закупка и ручные операции не дают надёжного сигнала по внешней камере.
327;;Выполнение строительно-монтажных работ;Отделочные работы;Мебель общего назначения (с учетом установки и распаковки);no_camera_equipment;Работа без контролируемой тяжёлой техники;matched;high;;;;no;30;;fsnb2022;title:no-camera;этап не даёт устойчивого сигнала тяжёлой техники по внешней камере;Отделка, внутренние сети, IT, закупка и ручные операции не дают надёжного сигнала по внешней камере.
328;12.6.12;Выполнение строительно-монтажных работ;Отделочные работы;Монтаж эскалаторов;delivery_install;Доставка и эпизодический монтаж;matched;medium;;;грузовик, кран-манипулятор, автокран;no;30;;fsnb2022;delivery-install;доставка или эпизодический монтаж;Используется для оборудования, ограждений, освещения и прочих поставочных операций.
329;12.6.13;Выполнение строительно-монтажных работ;Отделочные работы;Монтаж оборудования;delivery_install;Доставка и эпизодический монтаж;matched;medium;;;грузовик, кран-манипулятор, автокран;no;30;;fsnb2022;delivery-install;доставка или эпизодический монтаж;Используется для оборудования, ограждений, освещения и прочих поставочных операций.
330;12.6.13.1;Выполнение строительно-монтажных работ;Отделочные работы;Монтируемое оборудование;no_camera_equipment;Работа без контролируемой тяжёлой техники;matched;medium;;;;no;30;;fsnb2022;section:finishing;общая строка раздела отделочных работ;Отделка, внутренние сети, IT, закупка и ручные операции не дают надёжного сигнала по внешней камере.
331;;Выполнение строительно-монтажных работ;Отделочные работы;Медицинское оборудование, с учетом монтажа;no_camera_equipment;Работа без контролируемой тяжёлой техники;matched;medium;;;;no;30;;fsnb2022;section:finishing;общая строка раздела отделочных работ;Отделка, внутренние сети, IT, закупка и ручные операции не дают надёжного сигнала по внешней камере.
332;;Выполнение строительно-монтажных работ;Отделочные работы;Медицинское оборудование, с учетом монтажа (не облагаемое НДС);no_camera_equipment;Работа без контролируемой тяжёлой техники;matched;medium;;;;no;30;;fsnb2022;section:finishing;общая строка раздела отделочных работ;Отделка, внутренние сети, IT, закупка и ручные операции не дают надёжного сигнала по внешней камере.
333;;Выполнение строительно-монтажных работ;Отделочные работы;Офисное оборудование, с учетом монтажа;no_camera_equipment;Работа без контролируемой тяжёлой техники;matched;medium;;;;no;30;;fsnb2022;section:finishing;общая строка раздела отделочных работ;Отделка, внутренние сети, IT, закупка и ручные операции не дают надёжного сигнала по внешней камере.
334;;Выполнение строительно-монтажных работ;Отделочные работы;Оборудование и мебель конференц-зала, с учетом монтажа;no_camera_equipment;Работа без контролируемой тяжёлой техники;matched;high;;;;no;30;;fsnb2022;title:no-camera;этап не даёт устойчивого сигнала тяжёлой техники по внешней камере;Отделка, внутренние сети, IT, закупка и ручные операции не дают надёжного сигнала по внешней камере.
335;;Выполнение строительно-монтажных работ;Отделочные работы;Электро- и бытовая техника, с учетом монтажа;no_camera_equipment;Работа без контролируемой тяжёлой техники;matched;medium;;;;no;30;;fsnb2022;section:finishing;общая строка раздела отделочных работ;Отделка, внутренние сети, IT, закупка и ручные операции не дают надёжного сигнала по внешней камере.
336;;Выполнение строительно-монтажных работ;Отделочные работы;Хозяйственный инвентарь, с учетом монтажа;no_camera_equipment;Работа без контролируемой тяжёлой техники;matched;high;;;;no;30;;fsnb2022;title:no-camera;этап не даёт устойчивого сигнала тяжёлой техники по внешней камере;Отделка, внутренние сети, IT, закупка и ручные операции не дают надёжного сигнала по внешней камере.
337;;Выполнение строительно-монтажных работ;Отделочные работы;Периметр безопасности, с учетом монтажа;no_camera_equipment;Работа без контролируемой тяжёлой техники;matched;high;;;;no;30;;fsnb2022;title:no-camera;этап не даёт устойчивого сигнала тяжёлой техники по внешней камере;Отделка, внутренние сети, IT, закупка и ручные операции не дают надёжного сигнала по внешней камере.
338;;Выполнение строительно-монтажных работ;Отделочные работы;Спортивно-технологическое оборудование и спортивный инвентарь, с учетом монтажа;no_camera_equipment;Работа без контролируемой тяжёлой техники;matched;high;;;;no;30;;fsnb2022;title:no-camera;этап не даёт устойчивого сигнала тяжёлой техники по внешней камере;Отделка, внутренние сети, IT, закупка и ручные операции не дают надёжного сигнала по внешней камере.
339;;Выполнение строительно-монтажных работ;Отделочные работы;Учебное оборудование, с учетом монтажа;no_camera_equipment;Работа без контролируемой тяжёлой техники;matched;medium;;;;no;30;;fsnb2022;section:finishing;общая строка раздела отделочных работ;Отделка, внутренние сети, IT, закупка и ручные операции не дают надёжного сигнала по внешней камере.
340;;Выполнение строительно-монтажных работ;Отделочные работы;Учебное оборудование, с учетом монтажа (не облагаемое НДС);no_camera_equipment;Работа без контролируемой тяжёлой техники;matched;medium;;;;no;30;;fsnb2022;section:finishing;общая строка раздела отделочных работ;Отделка, внутренние сети, IT, закупка и ручные операции не дают надёжного сигнала по внешней камере.
341;;Выполнение строительно-монтажных работ;Отделочные работы;Компьютеры и программное обеспечение, с учетом монтажа;no_camera_equipment;Работа без контролируемой тяжёлой техники;matched;high;;;;no;30;;fsnb2022;title:no-camera;этап не даёт устойчивого сигнала тяжёлой техники по внешней камере;Отделка, внутренние сети, IT, закупка и ручные операции не дают надёжного сигнала по внешней камере.
342;;Выполнение строительно-монтажных работ;Отделочные работы;Занавески, жалюзи и прочие предметы обстановки, с учетом монтажа;no_camera_equipment;Работа без контролируемой тяжёлой техники;matched;high;;;;no;30;;fsnb2022;title:no-camera;этап не даёт устойчивого сигнала тяжёлой техники по внешней камере;Отделка, внутренние сети, IT, закупка и ручные операции не дают надёжного сигнала по внешней камере.
343;;Выполнение строительно-монтажных работ;Отделочные работы;Кухонное оборудование и инвентарь, с учетом монтажа;no_camera_equipment;Работа без контролируемой тяжёлой техники;matched;high;;;;no;30;;fsnb2022;title:no-camera;этап не даёт устойчивого сигнала тяжёлой техники по внешней камере;Отделка, внутренние сети, IT, закупка и ручные операции не дают надёжного сигнала по внешней камере.
344;;Выполнение строительно-монтажных работ;Отделочные работы;Музыкальные инструменты и оборудование для залов, с учетом монтажа;no_camera_equipment;Работа без контролируемой тяжёлой техники;matched;medium;;;;no;30;;fsnb2022;section:finishing;общая строка раздела отделочных работ;Отделка, внутренние сети, IT, закупка и ручные операции не дают надёжного сигнала по внешней камере.
345;;Выполнение строительно-монтажных работ;Отделочные работы;Театральное оборудование, оборудование сцены (с учетом монтажа);no_camera_equipment;Работа без контролируемой тяжёлой техники;matched;medium;;;;no;30;;fsnb2022;section:finishing;общая строка раздела отделочных работ;Отделка, внутренние сети, IT, закупка и ручные операции не дают надёжного сигнала по внешней камере.
346;;Выполнение строительно-монтажных работ;Отделочные работы;Светотехническое оборудование, с учетом монтажа;no_camera_equipment;Работа без контролируемой тяжёлой техники;matched;medium;;;;no;30;;fsnb2022;section:finishing;общая строка раздела отделочных работ;Отделка, внутренние сети, IT, закупка и ручные операции не дают надёжного сигнала по внешней камере.
347;;Выполнение строительно-монтажных работ;Отделочные работы;Торгово-технологическое оборудование, с учетом монтажа;no_camera_equipment;Работа без контролируемой тяжёлой техники;matched;medium;;;;no;30;;fsnb2022;section:finishing;общая строка раздела отделочных работ;Отделка, внутренние сети, IT, закупка и ручные операции не дают надёжного сигнала по внешней камере.
348;12.6.13.2;Выполнение строительно-монтажных работ;Отделочные работы;Немонтируемое оборудование;no_camera_equipment;Работа без контролируемой тяжёлой техники;matched;high;;;;no;30;;fsnb2022;title:no-camera;этап не даёт устойчивого сигнала тяжёлой техники по внешней камере;Отделка, внутренние сети, IT, закупка и ручные операции не дают надёжного сигнала по внешней камере.
349;;Выполнение строительно-монтажных работ;Отделочные работы;Инструмент медицинский, расходные материалы (не облагаемое НДС);no_camera_equipment;Работа без контролируемой тяжёлой техники;matched;high;;;;no;30;;fsnb2022;title:no-camera;этап не даёт устойчивого сигнала тяжёлой техники по внешней камере;Отделка, внутренние сети, IT, закупка и ручные операции не дают надёжного сигнала по внешней камере.
350;;Выполнение строительно-монтажных работ;Отделочные работы;Инструмент медицинский, расходные материалы;no_camera_equipment;Работа без контролируемой тяжёлой техники;matched;high;;;;no;30;;fsnb2022;title:no-camera;этап не даёт устойчивого сигнала тяжёлой техники по внешней камере;Отделка, внутренние сети, IT, закупка и ручные операции не дают надёжного сигнала по внешней камере.
351;;Выполнение строительно-монтажных работ;Отделочные работы;Хозяйственный инвентарь;no_camera_equipment;Работа без контролируемой тяжёлой техники;matched;high;;;;no;30;;fsnb2022;title:no-camera;этап не даёт устойчивого сигнала тяжёлой техники по внешней камере;Отделка, внутренние сети, IT, закупка и ручные операции не дают надёжного сигнала по внешней камере.
352;12.7;Выполнение строительно-монтажных работ;Благоустройство территории;Благоустройство территории;landscaping;Озеленение и благоустройство;matched;high;;;грузовик, самосвал, экскаватор, погрузчик, бульдозер, каток;no;30;ГЭСН 47;fsnb2022, tsn_moscow;exact:благоустройство территории;точное название укрупнённого этапа;Состав машин зависит от размера посадочного материала и технологии.
353;12.7.1;Выполнение строительно-монтажных работ;Благоустройство территории;Устройство проездов и тротуаров;manual_paving;Плиточное, бортовое и малое покрытие;matched;high;;;погрузчик, грузовик, кран-манипулятор, каток;no;30;ГЭСН 27;gesn27, tsn_moscow;manual-paving;малое дорожное покрытие/элементы;"Работа часто выполняется малыми механизмами и вручную; тяжёлая техника не обязательна."
354;;Выполнение строительно-монтажных работ;Благоустройство территории;Устройство асфальтобетонного покрытия проездов, тротуаров, площадок с установкой бортового камня;asphalt_paving;Асфальтобетонное покрытие;matched;high;;асфальтоукладчик ИЛИ каток;самосвал, погрузчик, автогрейдер, грузовик;yes;30;ГЭСН 27-06-039;gesn27, fsnb2022, tsn_moscow;asphalt;"асфальтобетонное покрытие; также найдены признаки: manual-paving, concrete";"Асфальтоукладчик добавлен как самостоятельный визуальный класс; каток покрывает стадию уплотнения."
355;;Выполнение строительно-монтажных работ;Благоустройство территории;Устройство покрытий из тротуарной плитки с установкой бортового камня;manual_paving;Плиточное, бортовое и малое покрытие;matched;high;;;погрузчик, грузовик, кран-манипулятор, каток;no;30;ГЭСН 27;gesn27, tsn_moscow;manual-paving;малое дорожное покрытие/элементы;"Работа часто выполняется малыми механизмами и вручную; тяжёлая техника не обязательна."
356;;Выполнение строительно-монтажных работ;Благоустройство территории;Устройство бетонных покрытий (отмостка);concrete;Монолитные бетонные и железобетонные работы;matched;high;;бетононасос ИЛИ бетоносмеситель ИЛИ башенный кран ИЛИ автокран;грузовик;yes;60;"ГЭСН 06-01-003; 06-22-004";gesn06, fsnb2022, tsn_moscow;concrete;бетонные/железобетонные конструкции;"Подача смеси выполняется насосом или краном; автобетоносмеситель учитывается как наблюдаемая доставка."
357;;Выполнение строительно-монтажных работ;Благоустройство территории;Устройство площадок с покрытием из резиновой крошки;manual_paving;Плиточное, бортовое и малое покрытие;matched;high;;;погрузчик, грузовик, кран-манипулятор, каток;no;30;ГЭСН 27;gesn27, tsn_moscow;manual-paving;малое дорожное покрытие/элементы;"Работа часто выполняется малыми механизмами и вручную; тяжёлая техника не обязательна."
358;;Выполнение строительно-монтажных работ;Благоустройство территории;Установка водоотводных лотков;manual_paving;Плиточное, бортовое и малое покрытие;matched;high;;;погрузчик, грузовик, кран-манипулятор, каток;no;30;ГЭСН 27;gesn27, tsn_moscow;manual-paving;малое дорожное покрытие/элементы;"Работа часто выполняется малыми механизмами и вручную; тяжёлая техника не обязательна."
359;;Выполнение строительно-монтажных работ;Благоустройство территории;Устройство подпорных стен;concrete;Монолитные бетонные и железобетонные работы;matched;high;;бетононасос ИЛИ бетоносмеситель ИЛИ башенный кран ИЛИ автокран;грузовик;yes;60;"ГЭСН 06-01-003; 06-22-004";gesn06, fsnb2022, tsn_moscow;concrete;бетонные/железобетонные конструкции;"Подача смеси выполняется насосом или краном; автобетоносмеситель учитывается как наблюдаемая доставка."
360;;Выполнение строительно-монтажных работ;Благоустройство территории;Обустройство дорог: установка знаков, нанесение разметки;landscaping;Озеленение и благоустройство;matched;medium;;;грузовик, самосвал, экскаватор, погрузчик, бульдозер, каток;no;30;ГЭСН 47;fsnb2022, tsn_moscow;section:landscaping;общая строка раздела благоустройства;Состав машин зависит от размера посадочного материала и технологии.
361;12.7.2;Выполнение строительно-монтажных работ;Благоустройство территории;Озеленение;landscaping;Озеленение и благоустройство;matched;medium;;;грузовик, самосвал, экскаватор, погрузчик, бульдозер, каток;no;30;ГЭСН 47;fsnb2022, tsn_moscow;landscaping;озеленение;Состав машин зависит от размера посадочного материала и технологии.
362;;Выполнение строительно-монтажных работ;Благоустройство территории;Устройство газона рулонного;landscaping;Озеленение и благоустройство;matched;medium;;;грузовик, самосвал, экскаватор, погрузчик, бульдозер, каток;no;30;ГЭСН 47;fsnb2022, tsn_moscow;landscaping;озеленение;Состав машин зависит от размера посадочного материала и технологии.
363;;Выполнение строительно-монтажных работ;Благоустройство территории;Устройство газона посевного;landscaping;Озеленение и благоустройство;matched;medium;;;грузовик, самосвал, экскаватор, погрузчик, бульдозер, каток;no;30;ГЭСН 47;fsnb2022, tsn_moscow;landscaping;озеленение;Состав машин зависит от размера посадочного материала и технологии.
364;;Выполнение строительно-монтажных работ;Благоустройство территории;Устройство цветников;landscaping;Озеленение и благоустройство;matched;medium;;;грузовик, самосвал, экскаватор, погрузчик, бульдозер, каток;no;30;ГЭСН 47;fsnb2022, tsn_moscow;landscaping;озеленение;Состав машин зависит от размера посадочного материала и технологии.
365;;Выполнение строительно-монтажных работ;Благоустройство территории;Посадка деревьев;landscaping;Озеленение и благоустройство;matched;medium;;;грузовик, самосвал, экскаватор, погрузчик, бульдозер, каток;no;30;ГЭСН 47;fsnb2022, tsn_moscow;landscaping;озеленение;Состав машин зависит от размера посадочного материала и технологии.
366;;Выполнение строительно-монтажных работ;Благоустройство территории;Посадка кустарников;landscaping;Озеленение и благоустройство;matched;medium;;;грузовик, самосвал, экскаватор, погрузчик, бульдозер, каток;no;30;ГЭСН 47;fsnb2022, tsn_moscow;landscaping;озеленение;Состав машин зависит от размера посадочного материала и технологии.
367;12.7.3;Выполнение строительно-монтажных работ;Благоустройство территории;Установка МАФов;landscaping;Озеленение и благоустройство;matched;medium;;;грузовик, самосвал, экскаватор, погрузчик, бульдозер, каток;no;30;ГЭСН 47;fsnb2022, tsn_moscow;landscaping;озеленение;Состав машин зависит от размера посадочного материала и технологии.
368;12.7.4;Выполнение строительно-монтажных работ;Благоустройство территории;Вертикальная планировка;earth_grading;Планировка, насыпь и обратная засыпка;matched;high;;бульдозер ИЛИ автогрейдер ИЛИ экскаватор;самосвал, погрузчик, каток;yes;30;"ГЭСН 01-01-116; 01-01-117";fsnb2022;earth-grading;планировка или перемещение грунта;Технология допускает разные ведущие планировочные машины.
369;;Выполнение строительно-монтажных работ;Благоустройство территории;Устройство насыпи;earth_grading;Планировка, насыпь и обратная засыпка;matched;high;;бульдозер ИЛИ автогрейдер ИЛИ экскаватор;самосвал, погрузчик, каток;yes;30;"ГЭСН 01-01-116; 01-01-117";fsnb2022;earth-grading;планировка или перемещение грунта;Технология допускает разные ведущие планировочные машины.
370;;Выполнение строительно-монтажных работ;Благоустройство территории;Устройство выемки;earth_grading;Планировка, насыпь и обратная засыпка;matched;high;;бульдозер ИЛИ автогрейдер ИЛИ экскаватор;самосвал, погрузчик, каток;yes;30;"ГЭСН 01-01-116; 01-01-117";fsnb2022;earth-grading;планировка или перемещение грунта;Технология допускает разные ведущие планировочные машины.
371;12.7.5;Выполнение строительно-монтажных работ;Благоустройство территории;Посадка зеленых насаждений;landscaping;Озеленение и благоустройство;matched;medium;;;грузовик, самосвал, экскаватор, погрузчик, бульдозер, каток;no;30;ГЭСН 47;fsnb2022, tsn_moscow;landscaping;озеленение;Состав машин зависит от размера посадочного материала и технологии.
372;12.7.6;Выполнение строительно-монтажных работ;Благоустройство территории;Ограждение территории;landscaping;Озеленение и благоустройство;matched;medium;;;грузовик, самосвал, экскаватор, погрузчик, бульдозер, каток;no;30;ГЭСН 47;fsnb2022, tsn_moscow;section:landscaping;общая строка раздела благоустройства;Состав машин зависит от размера посадочного материала и технологии.
373;;Выполнение строительно-монтажных работ;Благоустройство территории;Ограждение территории, в т.ч. ворота, калитки, шлагбаумы;landscaping;Озеленение и благоустройство;matched;medium;;;грузовик, самосвал, экскаватор, погрузчик, бульдозер, каток;no;30;ГЭСН 47;fsnb2022, tsn_moscow;section:landscaping;общая строка раздела благоустройства;Состав машин зависит от размера посадочного материала и технологии.
374;;Выполнение строительно-монтажных работ;Благоустройство территории;Ограждение спортивной площадки;landscaping;Озеленение и благоустройство;matched;medium;;;грузовик, самосвал, экскаватор, погрузчик, бульдозер, каток;no;30;ГЭСН 47;fsnb2022, tsn_moscow;section:landscaping;общая строка раздела благоустройства;Состав машин зависит от размера посадочного материала и технологии.
375;12.7.7;Выполнение строительно-монтажных работ;Благоустройство территории;Устройство пешеходных зон и тротуаров;manual_paving;Плиточное, бортовое и малое покрытие;matched;high;;;погрузчик, грузовик, кран-манипулятор, каток;no;30;ГЭСН 27;gesn27, tsn_moscow;manual-paving;малое дорожное покрытие/элементы;"Работа часто выполняется малыми механизмами и вручную; тяжёлая техника не обязательна."
376;;Выполнение строительно-монтажных работ;Благоустройство территории;Наружное освещение;delivery_install;Доставка и эпизодический монтаж;matched;medium;;;грузовик, кран-манипулятор, автокран;no;30;;fsnb2022;delivery-install;доставка или эпизодический монтаж;Используется для оборудования, ограждений, освещения и прочих поставочных операций.
377;;Выполнение строительно-монтажных работ;Благоустройство территории;Прокладка кабеля;network_trench;Наружные сети и траншейные работы;matched;high;экскаватор;;самосвал, погрузчик, грузовик, автокран, кран-манипулятор;yes;30;"ГЭСН 01; 22; 23; 24; 33; 34";fsnb2022, tsn_moscow;context:outer-network;короткое имя в разделе наружных сетей/благоустройства;"Контроль применяется к наружной трассе/траншее; внутренние сети вынесены в отдельный профиль."
378;;Выполнение строительно-монтажных работ;Благоустройство территории;Устройство фундаментов опор;concrete;Монолитные бетонные и железобетонные работы;matched;high;;бетононасос ИЛИ бетоносмеситель ИЛИ башенный кран ИЛИ автокран;грузовик;yes;60;"ГЭСН 06-01-003; 06-22-004";gesn06, fsnb2022, tsn_moscow;concrete;бетонные/железобетонные конструкции;"Подача смеси выполняется насосом или краном; автобетоносмеситель учитывается как наблюдаемая доставка."
379;;Выполнение строительно-монтажных работ;Благоустройство территории;Установка опор;structure_lift;Монтаж сборных, металлических и крупногабаритных конструкций;matched;high;;башенный кран ИЛИ автокран ИЛИ кран-манипулятор;грузовик;yes;60;"ГЭСН 07-05-004; ГЭСН 09";gesn07, fsnb2022, tsn_moscow;structure-lift;монтаж крупногабаритных конструкций;Нужна хотя бы одна грузоподъёмная машина в пределах окна наблюдения.
380;;Выполнение строительно-монтажных работ;Благоустройство территории;Архитектурно-художественная подсветка здания;delivery_install;Доставка и эпизодический монтаж;matched;medium;;;грузовик, кран-манипулятор, автокран;no;30;;fsnb2022;delivery-install;доставка или эпизодический монтаж;Используется для оборудования, ограждений, освещения и прочих поставочных операций.
